<?xml version="1.0" encoding="UTF-8"?>
<kml xmlns="http://www.opengis.net/kml/2.2"><Document><Style id="strokeColor:ed454300_strokeWidth:5"><LineStyle><color>004345ed</color><width>5</width></LineStyle></Style><Style id="fillColor:0e47791a_strokeColor:595959cc_strokeWidth:2"><LineStyle><color>cc595959</color><width>2</width></LineStyle><PolyStyle><color>1a79470e</color><fill>1</fill><outline>1</outline></PolyStyle></Style><Style id="fillColor:ed45431a_strokeColor:595959ff_strokeWidth:2"><LineStyle><color>ff595959</color><width>2</width></LineStyle><PolyStyle><color>1a4345ed</color><fill>1</fill><outline>1</outline></PolyStyle></Style><Style id="fillColor:56db401a_strokeColor:59595980_strokeWidth:3"><LineStyle><color>80595959</color><width>3</width></LineStyle><PolyStyle><color>1a40db56</color><fill>1</fill><outline>1</outline></PolyStyle></Style><ExtendedData><Data name="creator"><value><![CDATA[Yandex Map Constructor]]></value></Data></ExtendedData><name><![CDATA[10 + 20 км за мкад]]></name><description><![CDATA[<br/>]]></description><Folder><Placemark><name/><description><![CDATA[10 км от мкад]]></description><styleUrl>#fillColor:0e47791a_strokeColor:595959cc_strokeWidth:2</styleUrl><Polygon><outerBoundaryIs><LinearRing><coordinates>37.341278828564505,55.900474186380535 37.34236244100652,55.90186655343542 37.34323147672733,55.902077513762364 37.34375718969427,55.901950937704456 37.344926632824766,55.90211367827415 37.34744790929875,55.90343968698455 37.345988787594656,55.90537437257504 37.34411124128422,55.905621474970744 37.34241608518681,55.90544669538464 37.33522776502691,55.90621210354668 37.331129349652144,55.90630250508463 37.3315155877503,55.90795982911154 37.32861880201421,55.907640423098236 37.3285651578339,55.90843591994749 37.33206275838933,55.90896624207659 37.332438267651426,55.91070781692023 37.34359612513644,55.92001143329824 37.33225574542141,55.92644519400557 37.328414822112045,55.93269720342817 37.32747068453879,55.93521458587111 37.32742776919455,55.93861098509804 37.32946624804588,55.93940584386155 37.330582046996085,55.9383219414866 37.32970228243919,55.937599322982145 37.33013143588156,55.93679238298732 37.33345737506004,55.93675625095093 37.335817718993106,55.94118819486937 37.339401150237,55.940224772116274 37.340280914793894,55.94128453582112 37.345988655577564,55.94429506930171 37.34785547305195,55.943259472299985 37.355279827605166,55.94696822603503 37.346138859282405,55.953421570428006 37.346417809019954,55.95508289097386 37.353455925475046,55.95904328666147 37.36171712924091,55.95586537221916 37.36321916628922,55.95359011344366 37.36969938326918,55.9491957150784 37.36989250231825,55.94835289650934 37.37489213992201,55.94611331765024 37.376501465330946,55.94599290650044 37.38042821932876,55.94626985158287 37.38315334368788,55.94480081583111 37.385234737883444,55.94783515596191 37.38682260562025,55.94858166336457 37.39040603686412,55.946546794669864 37.398495579253044,55.947690668982325 37.397916222105785,55.948557582693184 37.397830391417315,55.94930407610976 37.39740123797492,55.95048398784092 37.41435279894905,55.95458931766192 37.4160908703907,55.9543485479217 37.416798973570586,55.95398739048531 37.41671314288211,55.95342157037587 37.41941680956912,55.953228948869395 37.42023220110964,55.952446414102525 37.41958847094607,55.95174813890044 37.42029657412601,55.95156754842778 37.42132654238772,55.9516638634518 37.422034645567656,55.951302680871066 37.42287149478031,55.95136287820282 37.42497434664798,55.95190464995265 37.42647638369631,55.951302680864515 37.428514862547644,55.95208523884633 37.43885746050902,55.94539084507255 37.44542350817748,55.944427527292625 37.45389928866453,55.94441548566817 37.45625963259759,55.946558835583154 37.45743980456414,55.94673944951618 37.458963299284605,55.94737761197105 37.4615167622668,55.947076593261095 37.46325483370845,55.94711271563035 37.46647348452632,55.94725720476905 37.467460537443785,55.95104985102523 37.472267055998465,55.9504960275248 37.47312536288325,55.95202504261638 37.48035659838739,55.950857217662275 37.48527040530264,55.957358061548 37.49443283129751,55.960246973623875 37.521254921446385,55.96632501900059 37.52378692675645,55.9714274297019 37.51642694521958,55.97316017019385 37.50578393984849,55.97100626572569 37.502672577391216,55.97731121059216 37.511663342009136,55.978550419997454 37.511083984861926,55.979585069158674 37.51316537905749,55.98190691319102 37.51807918597275,55.984661665724886 37.51883020449693,55.98440905470391 37.51910915423448,55.9839399155541 37.519431019316215,55.98377150522784 37.519194984922926,55.983326417265985 37.51846542407088,55.98339859404171 37.51825084734967,55.982905383378046 37.51855125475935,55.982652760835684 37.51840105105451,55.98232795798897 37.51812210131696,55.982207659943136 37.519967461119215,55.981521953906196 37.5198387150865,55.98120917165913 37.52211322833112,55.98112496062011 37.52267112780622,55.98120917165913 37.5259112362962,55.98047532641549 37.52844324160626,55.98339859403516 37.53434410143904,55.99401913468255 37.54745473910383,55.99279244951801 37.54893531848,55.9874162211664 37.54020204592751,55.982568552920476 37.534322643766885,55.97648103824459 37.54322757769633,55.972161447275845 37.54631748248146,55.971487595542825 37.5562094693284,55.96468825349121 37.56700267840433,55.96578344982112 37.57215251971293,55.96449568828159 37.574148083219995,55.966698095430324 37.579190636167986,55.96691471883554 37.5918506627183,55.96993528506942 37.6021718030076,55.967624753689805 37.60365238238381,55.95901921232786 37.583267593870595,55.95281962480255 37.582688236723385,55.94763046572747 37.566509151945546,55.94967731720886 37.5663374905686,55.94333172390768 37.57165899325415,55.94309088386128 37.57238855410619,55.9380328954479 37.568247223387196,55.93534707487235 37.575285339842225,55.92242120683071 37.59903898287813,55.938791635967945 37.614982033262606,55.94458406786572 37.62865057040246,55.934166699917434 37.633843327055295,55.937262096080346 37.62594690371545,55.94289821068922 37.625195885191225,55.953541958087115 37.63910045672445,55.95875439588129 37.63691177416828,55.96399019991079 37.64367094088581,55.965446469532985 37.65485038805988,55.964616041533084 37.66096582461383,55.97176435736549 37.664441967497154,55.97198095228825 37.665107155332834,55.972714959381605 37.66744604159382,55.97334065930426 37.66937723208454,55.97336472448296 37.67094364214925,55.97297967981992 37.67699470568684,55.972378039822686 37.677509689817704,55.97212534822471 37.67993440676716,55.971980952281704 37.680535221586496,55.97170419187816 37.68143644381549,55.971680125662154 37.68208017397907,55.971463529041564 37.681929970274254,55.9706572975849 37.68047084857013,55.97060916382989 37.68083562899616,55.96981494819022 37.680964375028886,55.968792070594404 37.68594255496051,55.96918919100352 37.68620004702596,55.96831070703518 37.6836680417159,55.96808205723783 37.683689499388,55.9672907981183 37.68065860320118,55.9672907981183 37.680637145529076,55.96694781382831 37.67995586443929,55.967007986730444 37.67776718188312,55.96676428589647 37.67814805556325,55.964522767665784 37.6781587843993,55.96279866560379 37.68157055426625,55.96200428895576 37.68731584597604,55.96269636041364 37.69134988833443,55.962317227143544 37.69433250475899,55.95803817878727 37.69112458277714,55.95356603552802 37.67713418055542,55.95384292621337 37.67723003521107,55.945048261354174 37.66652265682359,55.94415116447211 37.668754254723964,55.935853534558774 37.695711291979585,55.93448786150666 37.69420925493125,55.93017560861145 37.69961658830527,55.929025191559106 37.69929472322348,55.92474244753009 37.70504537935137,55.923055723085824 37.71786633844255,55.933716991309254 37.72805873269914,55.93440957066935 37.74230779832979,55.935807331301895 37.75250019258636,55.94194944242358 37.7526611251272,55.94480940549933 37.75787533945211,55.94477328096592 37.76078285402426,55.94424947152328 37.762220518056246,55.94358115259453 37.765417711201984,55.94356308975355 37.76611508554585,55.94674201834228 37.7684968871511,55.94669385471271 37.76924790567525,55.94633864608697 37.77303518480428,55.946206194568965 37.773410694066385,55.946248338281066 37.77359308427938,55.946127927552865 37.77485908693443,55.94610384536212 37.77503074831137,55.94643497416673 37.778496162358614,55.94651926104481 37.77927936739095,55.94704906005347 37.78124274438986,55.94728987538137 37.782637493077615,55.946910590558936 37.78490127748613,55.9469647743204 37.79889167970782,55.93958303888179 37.81165899461861,55.94167848747003 37.81286062425729,55.942340818233696 37.81420172876473,55.94480338466912 37.82140077776063,55.943954449195274 37.824072257939456,55.9434727753761 37.82498619354641,55.94240572373667 37.82369873321928,55.93980450918895 37.82447120941559,55.93894944200972 37.82588741577545,55.93835931417797 37.82689592636505,55.938166617420436 37.827367995151675,55.93922643767442 37.82921335495393,55.93913009158189 37.83037206924837,55.938877181943965 37.8323247174112,55.938877181943965 37.83239981926367,55.93876578073103 37.83581158913059,55.93872663969253 37.836015437015725,55.9375614228877 37.84289798534792,55.93732355775523 37.842554662594,55.934854491407684 37.84122428692261,55.93486653601732 37.83978662289062,55.93445701717972 37.835538003811045,55.93455337494435 37.83390722072998,55.934758134395125 37.83301821655268,55.93383984624565 37.834305676879836,55.93286419471632 37.83576479858393,55.932924420833864 37.83608666366572,55.9325871533647 37.83615103668206,55.93194874615455 37.83670893615716,55.93196079167139 37.83700934356684,55.93155124198931 37.83743849700921,55.929395011671055 37.84070006317132,55.929443196904884 37.841408166351265,55.92594961148515 37.84778109497064,55.92599780102138 37.84790984100335,55.92369668350118 37.8466223806762,55.92354005794986 37.846794042053176,55.92320270844971 37.847609433593696,55.92329909432207 37.8480171293639,55.92163640428033 37.85752287811268,55.922287030650416 37.856857690277,55.91939527393799 37.856535825195216,55.91600923346588 37.86327353424062,55.915804374514636 37.86303749984728,55.91311700643041 37.862393769683706,55.91304469797865 37.862436685027944,55.912152882605675 37.85934678024278,55.91228545105911 37.85921803421007,55.91118873470616 37.85769453948961,55.91102000634854 37.858209523620474,55.90970631034719 37.85732975906358,55.909489365423376 37.853166970672476,55.909646047990606 37.85329571670519,55.910670495262295 37.850141438903684,55.911586448631915 37.850034150543074,55.912574689741305 37.845678243102846,55.91305674939021 37.843511018218805,55.911550292983286 37.842395219268575,55.909007261216026 37.84205189651468,55.907319849135966 37.83726683563211,55.90519842647366 37.7995871633909,55.90042479940392 37.79825678771947,55.881553555225416 37.771069917144516,55.86168357581628 37.81192532485933,55.8428296314507 37.86638489669766,55.85041093858908 37.84866085952725,55.823821549248485 37.93474904006924,55.84625830456752 37.94328919357266,55.84700677733179 37.94470539993252,55.84480960648781 37.946336183013564,55.84488204267952 37.95204392379726,55.8422742543792 37.9726862043759,55.85306645928386 37.97676316207853,55.848889967354246 37.97590485519374,55.84768280480126 37.97217122024503,55.846282449069754 37.973630341949125,55.84314353665299 37.976462754668844,55.84389206964715 37.97753563827481,55.84483375188732 37.98281422561607,55.836381937670616 37.98105469650231,55.83447398721921 37.97856560653649,55.83360451026257 37.97629109329185,55.83362866266387 37.976462754668766,55.83019887086794 37.97148457473714,55.83029548887887 37.97157040542562,55.82906359118453 37.9692100614925,55.829111901636196 37.96470395034748,55.82785581030862 37.9661630720516,55.82604406837763 37.96509018844558,55.82193713958863 37.97517529434159,55.81985935094539 37.975261125030066,55.81882041483657 37.96740761703446,55.813407831972775 37.9690384001155,55.812586213130594 37.975733193816666,55.81297285946144 37.9755615324397,55.808091166450914 37.976934823455316,55.80371645386507 37.98766365951488,55.8049733279143 37.99169770187325,55.79975219954706 37.99418679183905,55.79525566446087 37.98371544784489,55.788558245158136 37.98285714096013,55.77987647549781 37.968609246673005,55.780698787666324 37.967364701690094,55.78289959626075 37.95951119369449,55.78352837578764 37.959768685759904,55.78038437624156 37.94766655868472,55.78045693294886 37.94912568038882,55.772668405419324 37.95298806137027,55.77092665747153 37.956893357695954,55.76495090036671 37.96556225723208,55.765676749902845 37.982685479583154,55.762821663433265 37.982170495452316,55.75786105636449 37.97036877578679,55.75323865216158 37.96547642654361,55.75306923422705 37.96320191329899,55.7512539956969 37.98247090286197,55.75181067785843 37.99534550613347,55.7517622710301 37.999937447966964,55.74868831389174 37.999465379180336,55.74856728698018 37.995088014068024,55.749729129766585 37.99380055374087,55.74716334725127 37.99195519393862,55.74747802780895 37.99006691879211,55.74370169288071 37.98654786056458,55.74442793964121 37.985517892302845,55.74251546064536 37.98161259597716,55.74159550050984 37.98199883407532,55.74067551858753 37.981440934600215,55.7393681383969 37.97723523086485,55.73929550487443 37.97680607742248,55.738908123795085 37.972643289031375,55.73893233522568 37.96903840011535,55.74016709818437 37.96835175460754,55.736922735155446 37.95680752700735,55.734549820552836 37.93899765914847,55.729948859129 37.93740979141161,55.72701848931602 37.952129754485355,55.714931407256756 37.96225777572558,55.711902992633334 37.96148529952929,55.70996468353639 37.95560589736865,55.70259822817791 37.94234505599898,55.69312155903227 37.938911828459915,55.69353363610624 37.93852559036176,55.69062476347385 37.936808976592246,55.68706109828726 37.92856923049848,55.686915635636815 37.929642114104404,55.67896285052645 37.931616219939364,55.67874461096854 37.931616219939364,55.676077139783885 37.94350377029334,55.675761881112884 37.95097104019079,55.6753011138593 37.94912568038854,55.6724393846703 37.936551484526724,55.67265765955637 37.936551484526724,55.66882554494382 37.93303242629914,55.668849800012836 37.93307534164338,55.6671761644016 37.936165246428544,55.666036110578254 37.94517746871859,55.666181651221436 37.94590702957064,55.66598759690972 37.94903984970004,55.666230164648375 37.94895401901154,55.66720042050354 37.95114270156771,55.66860724858138 37.95238724655062,55.66802511898549 37.9524730772391,55.667806818138644 37.952880773009355,55.66764915565977 37.95407167381198,55.66760670796029 37.953942927779245,55.66745510865615 37.954093131484086,55.66724893265596 37.95329919761567,55.66631506299401 37.95290223068146,55.66625442133303 37.95281639999299,55.66599366110923 37.952741298140566,55.665381170944656 37.95353523200896,55.66404700061688 37.9535996050253,55.663634611460076 37.95284858650115,55.66367099891416 37.95284858650115,55.66222760384695 37.95722595161344,55.66254297203912 37.95673242515465,55.65725415261611 37.95574537223718,55.65485211233605 37.96083084052941,55.653857284637944 37.95924297279256,55.65139437025918 37.955037269057215,55.65213447418144 37.95651784843344,55.64997478735445 37.954951438368745,55.649756385396984 37.953942927779146,55.65132157239315 37.94585338539022,55.650193188088565 37.94484487480062,55.65024172141891 37.94465175575154,55.648967701470454 37.94121852821249,55.64830034107771 37.94042459434407,55.64996265393832 37.94147602027791,55.65077558405932 37.93799987739462,55.65242565875257 37.93388000434775,55.65058145303359 37.93581119483842,55.64907690480477 37.93379417365922,55.648179001591174 37.93469539588822,55.64743882258431 37.93767801231278,55.63939301989569 37.93578973716629,55.63759674682033 37.93379417365922,55.63820360508434 37.9335366815938,55.63867694797639 37.927507075728315,55.639757119220064 37.917851123274694,55.64271833415343 37.93036094612017,55.634270995892344 37.927228125990766,55.633664076449264 37.916220340193654,55.635411978879425 37.914160403670216,55.63518135734818 37.90855995124712,55.63833711261701 37.90424695915115,55.6390653275733 37.894033107222455,55.62952463404948 37.89091160345511,55.61631835701707 37.87601997900439,55.60663848527784 37.86348869848676,55.60420903164247 37.85724451590009,55.60358949678506 37.85329630423017,55.60079539395587 37.85179426718184,55.596020660063076 37.847223783020425,55.59606926079099 37.842374349121485,55.60165794266338 37.836952779322935,55.598293542550344 37.84180221322188,55.593421294967484 37.8384762740434,55.59148923805053 37.843926522761656,55.588985927897696 37.838347528010694,55.58671336672014 37.82716808083658,55.58756407353908 37.8305369353593,55.59035912273125 37.82824096444255,55.59084519783667 37.824850652247704,55.59215757042073 37.823176953822426,55.5917079662582 37.819271657496685,55.58647030421394 37.81774816277625,55.58086729471927 37.81697568657994,55.57920203730384 37.811396691828975,55.57743946130184 37.8116541838944,55.57644265901052 37.819228742152454,55.57376818583333 37.82377776864171,55.5696953412164 37.82731828454137,55.56794449555569 37.830558393031325,55.56719063508405 37.83246812584992,55.5651356835769 37.83641633751984,55.56496544605918 37.84030017617342,55.565950381404726 37.841137025386075,55.56438176896565 37.84105119469758,55.56152405749068 37.857080075770575,55.56163350560457 37.85720882180328,55.56122003334545 37.84100827935334,55.56109842302578 37.84100827935334,55.5558080082063 37.84351882699124,55.54975051705186 37.827146623164346,55.54393541665032 37.820129964381366,55.54099104058372 37.81476554635159,55.537571879759895 37.816095922022946,55.53644020560093 37.81937894585717,55.537827414552034 37.821760747462385,55.53850883252724 37.82302675011743,55.53824113402274 37.824013803034894,55.53696345685526 37.82585916283715,55.5363550245024 37.82905635598289,55.53584393401967 37.82860574486837,55.534724379169205 37.82839116814716,55.53449012043157 37.82797274354085,55.53313626004939 37.8278976416884,55.531858416296785 37.82639024022202,55.53173367217341 37.82517251732921,55.53174584234328 37.82436785462474,55.53183711853576 37.82422301533795,55.53212615842748 37.82272634270765,55.53216266857183 37.820559117823606,55.53169107650404 37.81827387574291,55.53154807649273 37.816621634989716,55.531179925134396 37.814019892245256,55.530836111242216 37.82384214165775,55.519525081352306 37.82202896836368,55.51902594534526 37.817994926005284,55.52009116692737 37.80628976586431,55.52585503506551 37.80581769707768,55.52634191222097 37.802341554194385,55.52580634701112 37.79988465073674,55.52443697086423 37.797642324000286,55.5241935212043 37.79741701844302,55.52299450954859 37.7906042075452,55.5223797736034 37.79055056336491,55.51953116828953 37.79001412156194,55.51847810577495 37.76571330788697,55.51295667320936 37.762902352839355,55.513486326162024 37.762516114741196,55.513060169176626 37.760466907053846,55.513620260257504 37.76044544938171,55.51383333628419 37.758567903071274,55.51472824294533 37.75573549035153,55.51532483602678 37.75480208161433,55.514941312941794 37.75332150223813,55.515239608998925 37.75230226281245,55.51607360837468 37.7557140326794,55.51844158284382 37.75381502869681,55.52029812083259 37.75143322709159,55.52088245557333 37.748922679453656,55.51850245433088 37.7346104121502,55.521357221121086 37.727926347285035,55.51906246761178 37.729417655497315,55.517491975283875 37.7140968776042,55.51330977593122 37.71213350060532,55.51485608504387 37.71109280350754,55.51440559183714 37.709569308787074,55.51536136179712 37.708228204279635,55.51839897269445 37.70087895157879,55.51704759972038 37.699527118235274,55.51699281334075 37.69763884308878,55.51676757966659 37.695439431696585,55.51673714258429 37.69570765259806,55.5156231291045 37.695535991221114,55.51535527414608 37.69214567902629,55.515324835960776 37.69246754410808,55.514606488066114 37.68998918297831,55.51424730917475 37.69082603219096,55.51212260741265 37.688626620798736,55.51157467137114 37.68700656655375,55.5107405762463 37.686362836390174,55.51120937642089 37.685311410456315,55.51127025914305 37.684592578440316,55.511251994334536 37.68454966309608,55.51109369897086 37.684013221293085,55.51100846274099 37.68388447526038,55.51093540296785 37.68288669350683,55.5108014596967 37.682661387949594,55.51108152237795 37.67818746331275,55.511416377298765 37.67653522255958,55.51300537713212 37.675880763559924,55.51687106553362 37.66599950554907,55.52050507361475 37.65516338112888,55.52268409938758 37.652685019999076,55.52051724726779 37.65254554513029,55.51930594906234 37.65320000412992,55.519354645190056 37.65468058350614,55.51915377327312 37.655431602030326,55.51886768118932 37.65573200943998,55.51861202266616 37.65350041153955,55.51598838284948 37.651086423426065,55.50537028327819 37.650077912836466,55.5046882886742 37.64828619721453,55.50461521712007 37.64593658211747,55.50471264582865 37.637922141580965,55.50562602818389 37.62944636109392,55.51347415013877 37.60867533448258,55.5128470887545 37.610346409843345,55.498896617561414 37.60411283688567,55.498944328329436 37.60121605114958,55.49750092846173 37.59985348897001,55.49750092846173 37.59809395985623,55.497750634348286 37.596302244234295,55.498396208051034 37.59561559872643,55.49927319680319 37.59535810666102,55.49999182574683 37.59228965954793,55.49988220522792 37.59011170582784,55.50001618581325 37.5877620907308,55.50041203485612 37.585144254732214,55.50119154130508 37.58373877720841,55.50141686450236 37.585240814256764,55.49782980901768 37.58247277455339,55.49854846440908 37.58143207745561,55.49736693923398 37.58080980496416,55.49760446519409 37.578470918703125,55.49583212141688 37.571078750658096,55.498840795021536 37.56841799931527,55.491038474252186 37.56696960644723,55.49125167304235 37.56775281147959,55.4934688717621 37.5654675693989,55.493761240255196 37.56503841595651,55.49365769332772 37.56503841595651,55.493931787539786 37.56431958394051,55.49438860696959 37.56253859715463,55.49391960561548 37.559931489992145,55.49560676609535 37.55809685902597,55.49562503819428 37.56441614346506,55.517320192004554 37.56499550061222,55.519292436713215 37.564866754579505,55.52183672923176 37.56355783658025,55.52481906272388 37.56184122281071,55.526547494945795 37.55892297940252,55.5281541381844 37.55561849789617,55.529286051808455 37.551756116914724,55.52990676474661 37.54759332852362,55.52987025248716 37.543688032197934,55.52931039367163 37.54053375439638,55.52822716583896 37.53795883374208,55.52690047522275 37.53587743954651,55.525099025207666 37.53452560620297,55.52256711757554 37.52913973050106,55.52096024515949 37.52012750821104,55.52278623142218 37.507081243562546,55.52237234865434 37.507703516054015,55.524283476650986 37.506973955201964,55.52592672872166 37.50733873562799,55.52838539197176 37.50873348431569,55.536259378577505 37.50686666684131,55.53608901539635 37.50530025677661,55.53646624713157 37.503862592744646,55.537208531224834 37.50229618267994,55.538887744946265 37.50128767209035,55.541114417296306 37.49489328579884,55.53960564767891 37.49500057415944,55.536989498025875 37.490494463014414,55.53694082381792 37.49066612439136,55.53616202826187 37.489679071473894,55.53613769065116 37.4886920185564,55.53590648259485 37.48772642331104,55.53533454101109 37.48545191006642,55.53661227133169 37.487898084687984,55.53769526724151 37.48729726986868,55.538851241059774 37.48716852383594,55.53952047346065 37.48628875927908,55.539556976717165 37.48570940213182,55.54033570474228 37.481332037019506,55.53953264121058 37.4770409802119,55.54272850710238 37.47624704634349,55.54281367433541 37.47326442991893,55.546585180281724 37.460432741991696,55.54733943786075 37.45161363875067,55.544504813860655 37.45150635039009,55.541511812096225 37.45039055143984,55.540830446379466 37.44901726042421,55.54076960957862 37.44890997206364,55.540343749325615 37.44912454878482,55.540027392996045 37.44800874983462,55.5396745309973 37.44747230803165,55.539114812338156 37.446013186327555,55.53939467266796 37.44588444029482,55.53913914809842 37.44693586622868,55.53874977411901 37.45169946943912,55.53860375787838 37.459939215532856,55.53788583677467 37.459853384844386,55.537374766273196 37.457975838533976,55.537326092538166 37.45667764937075,55.537040133158285 37.45678493773135,55.53672375013425 37.45598027502688,55.53663248532532 37.454596255175204,55.53612139846418 37.45436022078189,55.53610922964809 37.45432803427371,55.535555544515084 37.45410272871645,55.535318248489936 37.45419928824095,55.534916667319266 37.45443532263426,55.53492883650597 37.454660628191526,55.53381534026373 37.45351264273314,55.53380925549782 37.45345899855285,55.53372406867592 37.452493403307486,55.533675390408774 37.45222518240599,55.53376057733658 37.448416445604856,55.533584118488776 37.448298428408194,55.534241271521374 37.44492957388548,55.53380317071894 37.44335243498473,55.53436296531121 37.439678120356525,55.534402717274354 37.441168609328734,55.5393780631344 37.44114715165663,55.53998036470544 37.43923741883798,55.5455892333495 37.43629771775766,55.54783377231911 37.440385404296315,55.5496098474264 37.43546086854496,55.552541411524956 37.43209201402222,55.550528265600306 37.429248872466445,55.54950644799056 37.426073136992805,55.54900161158103 37.42483932084595,55.548934705062955 37.424292150206924,55.54915975380546 37.42427069253479,55.54970108196707 37.42959219522034,55.55210959739682 37.43243533677608,55.554043600958096 37.42875534600766,55.557066050319065 37.41580564088372,55.56262990890541 37.411557021804086,55.56409523071478 37.40761953897022,55.56699531163649 37.40520555085679,55.568423993612654 37.40143972939987,55.57386466627413 37.40244823998944,55.5756517164847 37.40057069367901,55.57739613909948 37.40207273072734,55.57785806376303 37.400978389449264,55.57875758560329 37.40296322412028,55.5794565240896 37.399969878859665,55.58087259594573 37.402619901366386,55.5829388748511 37.403049054808776,55.58352227500567 37.403478208251144,55.585169118041385 37.40207273072731,55.587429616144796 37.40685779160986,55.59158567468861 37.41356283635685,55.59734635562241 37.40818144664468,55.60062167208408 37.402141111943166,55.60428435199604 37.379900234791656,55.60416894939931 37.3744499860734,55.605875658105155 37.37073780879679,55.60459411511179 37.37156392917339,55.60337326964953 37.36799122676555,55.60225564631154 37.365716713520875,55.59754183954587 37.355105894657946,55.599157718815746 37.35579254016578,55.59731706908225 37.35007407054603,55.59397573410996 37.347273844334474,55.59653339979313 37.34523536548314,55.596381524083824 37.34469892368017,55.59738389285469 37.34258534297645,55.598058199188216 37.34115840778051,55.599473597161655 37.343003767582765,55.600925389872195 37.341308611485225,55.6016117835211 37.33959199771571,55.60204912540751 37.340106981846546,55.60374985286213 37.33869077548669,55.604745958833135 37.32737185344384,55.602024828746224 37.32403518542934,55.60364052258578 37.32308031901997,55.60561449389724 37.31737257823625,55.609373874074436 37.31737257823625,55.611681553390746 37.316042202564866,55.61237383059365 37.314636725041034,55.61375227583357 37.31341363773022,55.61448702191795 37.31384279117262,55.614954580408806 37.310119885059905,55.616096128258036 37.308199423405235,55.617219427340615 37.30601074084909,55.61883449260657 37.30534555301338,55.62010949694341 37.303146141621184,55.620704484709265 37.30001332149179,55.622938643530524 37.2966551958051,55.624680955809744 37.29706289157536,55.62649603465844 37.303602670201,55.63911063137381 37.31044712774212,55.652508840587814 37.314931781215044,55.66143136105368 37.31615486852583,55.663869383180014 37.31753888837748,55.665070143961174 37.317903668803496,55.66656801088677 37.3227852892106,55.66661652383271 37.322570712489366,55.66836901349748 37.32166949026037,55.66996377123713 37.3141485761826,55.672213299494 37.30233177352255,55.661454985766085 37.300615159753015,55.65975677181493 37.29748233962361,55.657621769294764 37.289757577660716,55.65555943991885 37.285294381859956,55.660775709064815 37.28098138976396,55.661376141750125 37.27675422835648,55.6658942526608 37.27344974685014,55.66531208253285 37.272366134408095,55.666518863015966 37.27122887778576,55.66673717107234 37.270917741540046,55.66708282299363 37.26863249945935,55.66627629706824 37.26802095580396,55.66676749153281 37.266872970345574,55.666433965102 37.26350411582289,55.669981327199274 37.25683077979377,55.66816220748296 37.25519999671273,55.6694841095736 37.255790082696016,55.669853991571706 37.255586234810885,55.67112126557755 37.2558973710566,55.67167909561747 37.255157081368495,55.67275835280148 37.2552643697291,55.67355261847812 37.25502833533579,55.6741286025458 37.25576862502386,55.674274112956596 37.255436031105994,55.67515322683093 37.25417002845098,55.67508047333226 37.25373014617253,55.67603232085983 37.25288256812383,55.67637182772839 37.25277527976322,55.67728726900216 37.2530756871729,55.67819056413709 37.25365504432011,55.67830574791682 37.25392326522161,55.67866342168711 37.25464209723761,55.67923326803741 37.25503906417179,55.679433318502326 37.25582226920415,55.678893786109256 37.25663766074467,55.679287827357 37.256369439843176,55.67985160251774 37.256980983498586,55.68003952575783 37.25795730758001,55.67963336793972 37.26114377188969,55.680742714353585 37.26060733008667,55.681736855871186 37.26072534728333,55.682997681788976 37.26128324675843,55.684749434656645 37.264276592019044,55.68430089644508 37.268224803688966,55.684276650989155 37.268353549721674,55.68265823267281 37.27149709868711,55.68268247913018 37.27232321906365,55.68904059311491 37.27385744262017,55.69167081521375 37.28571244330509,55.693430085143284 37.299606781072185,55.69558902807703 37.30769632346108,55.69688576192484 37.29957459456393,55.71417545674599 37.29021904951996,55.71777297680189 37.28621719366975,55.716785811661865 37.28244064337677,55.71730059414305 37.28256938940951,55.718106063667804 37.282118778294986,55.71923853771652 37.27496264464327,55.718414923496944 37.2746085930533,55.71972300852157 37.27167962080903,55.71952922091752 37.2697269726462,55.72063137500789 37.26814983374545,55.721412553215565 37.25889084822603,55.72450077853537 37.2548889923758,55.72310807982739 37.25390193945833,55.72374993846001 37.25077984816498,55.72804285261425 37.24764702803555,55.732117352391086 37.24668143279019,55.73301937558417 37.245984058446325,55.734145361733674 37.2445034790701,55.735501344777745 37.24288342482511,55.7376683980191 37.240161288928455,55.737919553202715 37.23436771745629,55.73712054720671 37.23273693437524,55.740001734067334 37.233638156604236,55.7409580471872 37.234689582538074,55.74076436541663 37.23584829683251,55.74130909293586 37.23895965928978,55.74152698180546 37.23904548997825,55.74251957119536 37.24005400056785,55.74270113968194 37.241877902698,55.74279797586122 37.24389492387719,55.74323373568142 37.24456011171288,55.743717907527845 37.244431365680164,55.74512197176494 37.245547164630366,55.745521394555865 37.25451647157615,55.7439236787294 37.26127563829369,55.74501303755588 37.27402149553245,55.743161109371556 37.27919279451318,55.7445167778719 37.280887950610534,55.75291602633064 37.28035150880751,55.76003097141001 37.25794969911511,55.77221289241915 37.25310026521617,55.77180164859807 37.252692569445905,55.771257348605644 37.252156127642934,55.76976955634864 37.249903072070424,55.770011477671204 37.24996744508679,55.77116058336345 37.25031076784069,55.77131782675949 37.24981724138195,55.7719346985464 37.250718463610944,55.77279346451341 37.25050388688976,55.7731805077517 37.25069700593884,55.7737610653723 37.250632632922475,55.77411181472649 37.249624122332875,55.77510357160928 37.25018202180797,55.77535755405177 37.249774326037716,55.775883655246005 37.25021957273413,55.77615577375182 37.25047170038155,55.776757451243746 37.249232519816665,55.77782472554679 37.249028671931484,55.77861684783486 37.253774989401336,55.78015476393491 37.25503026322028,55.77963476714541 37.25644646958014,55.78051150187752 37.25592075661322,55.78129752307144 37.25508390740052,55.78137007806488 37.25418268517152,55.78221654303744 37.251361001287854,55.78253698567258 37.243679154669195,55.78329878206089 37.233454573904396,55.77881847905098 37.230901110922225,55.78076544890857 37.23417340592034,55.78421170881735 37.22947417572626,55.785656628464146 37.23043977097163,55.78670854448551 37.240074265753066,55.789670683461935 37.24445163086533,55.78705313144987 37.246275532995476,55.78727076375299 37.24808870628954,55.78701685928066 37.248796809469454,55.78817150668973 37.25033103302597,55.79154457292694 37.250738728796236,55.80332382367752 37.251361001287705,55.805922150427534 37.25181161240215,55.81255615747814 37.25203691795941,55.81427791359723 37.25250898674599,55.81542570850739 37.25472985581032,55.815395503813555 37.25482641533487,55.81566734521049 37.25619970635049,55.81567338610875 37.25690780953041,55.817775561514594 37.25858150795571,55.81750977551923 37.264986623083225,55.813389859447895 37.28169142082798,55.8223238438018 37.2913366444455,55.827493619847104 37.292130578313895,55.83376165170355 37.29456602409943,55.83376165170355 37.29660450295076,55.834093744553364 37.297462809835515,55.835023589381734 37.29734479263886,55.83555491925895 37.292366612707205,55.83678661047956 37.29248462990386,55.8378250647854 37.2959500439511,55.837686203321894 37.295885670934766,55.83908083279511 37.29781686142549,55.83912309351011 37.29831038788422,55.83961210699344 37.29795633629425,55.84081952125555 37.298846829687164,55.841006667089154 37.286454286900884,55.87328797637814 37.28593930276997,55.890155557291656 37.28376134904988,55.890897151825115 37.28321417841086,55.89177137099884 37.28151902231345,55.89160255780146 37.27990969690451,55.89619039697695 37.27778538736466,55.89899347341678 37.28046759637956,55.90086207805774 37.28657230409747,55.89949378610082 37.29415759119158,55.90501487885978 37.33003481897477,55.90365878834031 37.33094677003984,55.903887820299786 37.334068861333186,55.9037853588016 37.33499154123429,55.90362262527518 37.3394761947072,55.90375522300862 37.34098896059159,55.90309825701947 37.34011992487078,55.90086810562961 37.341278828564505,55.900474186380535</coordinates></LinearRing></outerBoundaryIs></Polygon></Placemark><Placemark><name/><description><![CDATA[20 км от мкад]]></description><styleUrl>#fillColor:ed45431a_strokeColor:595959ff_strokeWidth:2</styleUrl><Polygon><outerBoundaryIs><LinearRing><coordinates>38.15629467043011,55.8183649509451 38.156959858265786,55.81568288580143 38.15588697465985,55.813641009051565 38.14809783968058,55.81518752913707 38.147411194172776,55.81553790401853 38.14208969148723,55.81498213549234 38.13642486604779,55.81428137250496 38.13666090044108,55.81354434949063 38.13384994539349,55.81271065082529 38.12485918077552,55.812831477823735 38.123850670185924,55.81135736262216 38.11951622041785,55.80579871907179 38.12535270723413,55.792817391245514 38.12816366228174,55.79259979006138 38.128743019428974,55.792092049217196 38.127069321003674,55.791016100217405 38.12738045724941,55.7903995317237 38.12679037126612,55.789970345908095 38.120353111539906,55.791792841646924 38.11567533901794,55.79161150262132 38.1118773310528,55.792542367285094 38.10966719082448,55.789906874325276 38.10423997949933,55.78586556600113 38.100313225501544,55.78146416046268 38.098768273108945,55.77988001594574 38.093146363013744,55.7786344217905 38.09284595560404,55.77360326570282 38.08894065927836,55.77102696455259 38.090850392096925,55.76372046693296 38.093672075980464,55.76094992862567 38.1096365840371,55.758288089947925 38.11309126924821,55.760393377437474 38.12107352327647,55.76374466285263 38.123685994856984,55.7632516669818 38.123814740889664,55.762347320864976 38.125413337462554,55.762050908526405 38.1257497096188,55.76164024497695 38.13122141600916,55.76092641883632 38.13198852778742,55.76063302038217 38.132884385598416,55.75961972003378 38.13383925200767,55.759976646742615 38.134214761269746,55.759559223635264 38.14144599677391,55.76032147113103 38.14204354732606,55.759853311014794 38.14322371929261,55.75981701341668 38.143073515587695,55.7565016897037 38.1435777708825,55.75561231202707 38.144715027504816,55.75514643940143 38.14409275501337,55.754456695642375 38.1425585314568,55.754704762771894 38.139318422966824,55.7547531659332 38.135477499657476,55.75198198781898 38.13300986736378,55.75135269712081 38.12936206310352,55.75136479896116 38.12987704723438,55.75005777841939 38.13910384624567,55.747540429754515 38.14092774837579,55.74726205906919 38.144704298668756,55.74616065983688 38.14013381450737,55.742142103379926 38.14006944149097,55.73860736681348 38.13697953670581,55.73870421319483 38.13691516368947,55.737542040683515 38.1358422800835,55.737578359100354 38.135584788018086,55.740156879947556 38.12796731441579,55.739842140091234 38.12556405513844,55.74032635419265 38.12485595195852,55.738873693768895 38.12118669002612,55.739624241768034 38.120864824944334,55.74108897917126 38.11161656826095,55.74320730337244 38.1058229967888,55.7448897757388 38.0972613856132,55.74321940774408 38.102887711225904,55.73972290906398 38.10408934086458,55.73586107376994 38.10773714512482,55.736296911382276 38.11104162663117,55.733076440323536 38.10996874302523,55.732071501877556 38.105677208601385,55.732797966006984 38.10350998371735,55.73473513731037 38.09580667942658,55.73336702009202 38.097523293196126,55.731599292912804 38.09936865299835,55.73013419782256 38.0986390921463,55.72928659693827 38.09205158680569,55.73202307044663 38.09005602329862,55.731599292906566 38.08651074405188,55.72971800982606 38.08239087100501,55.72809542601872 38.07807787890906,55.72864033111849 38.07691916461457,55.726291130171134 38.07174786563387,55.72640011685984 38.06668385501374,55.72151963568211 38.06157692904941,55.72251273608263 38.058723058657556,55.72384490409975 38.05331572528354,55.7194485764183 38.05784329410067,55.71697769477737 38.05312260623446,55.7158512113395 38.05044039721956,55.7132831916671 38.059195127444134,55.71520922229099 38.06825026507842,55.71622670941683 38.0801592731045,55.71332558956351 38.083367195086296,55.71101786373814 38.07679041858179,55.705584173351035 38.075722899393824,55.70545998313916 38.07301386828878,55.70415747667507 38.07077690597033,55.70273375694705 38.0702136420772,55.700973725033265 38.073298137345475,55.697709930667784 38.07922045485035,55.69523766805576 38.080871832492534,55.69415205174574 38.08649374258776,55.69251586363143 38.08724476111194,55.69078264121596 38.08606458914537,55.69016448028188 38.082459700229364,55.690806882614744 38.083039057376574,55.68844327461595 38.081494104984,55.68390959414187 38.08119369757432,55.680987878657305 38.07932688009997,55.68118185826284 38.078768980624716,55.66840138705165 38.0960209490085,55.66207022723667 38.09675050986054,55.661676011809746 38.09767318976167,55.65971700527154 38.095709812762784,55.658594929307505 38.09952927839995,55.65562278824 38.10045195830102,55.65388792361496 38.10161067259541,55.65045436253894 38.09962583792435,55.6483613191968 38.096621763827685,55.647160043585195 38.09274865401013,55.646535122939916 38.090323937060674,55.64581918213309 38.0859143854402,55.64544300457438 38.083596956851316,55.64505468845589 38.081204426410046,55.6442901797917 38.08267828429533,55.64225098857373 38.081176247247,55.64216603780052 38.0781507154782,55.64272428235149 38.07675596679045,55.64327038341971 38.0760264059384,55.64229953178962 38.07611223662688,55.63933828505284 38.06763645613982,55.639350421750336 38.067593540795585,55.63653460246277 38.06834455931979,55.63612192220822 38.06821581328708,55.63519944469081 38.06662794555025,55.63408273219529 38.06468602622342,55.63169747289009 38.064095940240165,55.631849211284184 38.062025274880654,55.62972482006011 38.06090814644091,55.629173337049444 38.06004983955615,55.62793504959846 38.06524259620893,55.623127208240476 38.06258184486611,55.62041950152895 38.060457535326336,55.61550143723097 38.06747419410929,55.61352189327688 38.07258112007365,55.61231954457616 38.06944829994425,55.6090888081199 38.069190807878805,55.60816569146557 38.06672317558511,55.608712276330216 38.06408388191447,55.609562504246846 38.0620024877189,55.60975683945718 38.05989963585123,55.60899163897335 38.058526344835606,55.60789846941407 38.05753929191812,55.60659877245344 38.0592850885003,55.60666351364048 38.05952112289362,55.605315186402244 38.05793325515679,55.601184885370834 38.05664579482961,55.59961768626685 38.05810491653363,55.59874901779897 38.05894176574628,55.59668964969908 38.058233662566344,55.59546855717088 38.052622481307196,55.595049367354314 38.04513566809271,55.59167042382626 38.04247491674986,55.590740819530936 38.0334841521319,55.591081069409995 38.027315071397624,55.59154890815253 38.027272156053385,55.58406281591186 38.0362629206713,55.57941974611769 38.03810828047355,55.5775477766525 38.03439610319689,55.56885531564506 38.02884799738523,55.5630604849425 38.02554351587888,55.56376578415779 38.023419206339106,55.56460483045397 38.01889163752195,55.56538306020517 38.01710528631804,55.56501218700242 38.0096755673468,55.56457139051712 38.00858122606868,55.56434035036335 38.00248724718685,55.56365938202502 37.997509067255194,55.56515506476296 37.99617869158381,55.56730728833831 37.99074990053764,55.5718910081925 37.9855571438848,55.57206121556089 37.98613650103201,55.576133813763576 37.97673804064383,55.57824896605784 37.97643763323415,55.58165241917922 37.96240431566824,55.581603800500524 37.95686823626151,55.57978055661854 37.951589648920205,55.57255967571083 37.95300585528006,55.569593136183315 37.9523084809361,55.563489138027585 37.95290929575541,55.56250414069884 37.95284492273904,55.561093484054524 37.95400363703348,55.55971926099645 37.95396072168925,55.55818688455721 37.953402822214144,55.55655714851186 37.95127851267434,55.55549899996179 37.95044166346169,55.5537961721041 37.96063405771826,55.55026865007307 37.96942097445099,55.54785393872857 37.969206397729806,55.54721526220875 37.965934102731566,55.54736732897399 37.96241504450401,55.54476386411848 37.96091300745568,55.54125986237137 37.955934827524025,55.538339621321526 37.94945461054402,55.53770687371153 37.9429314782198,55.53649002265543 37.93516380091266,55.532839242574724 37.9270098855074,55.52943154074662 37.907955472665556,55.52169008773672 37.90469390650344,55.5174778999678 37.911646192270055,55.51350877690427 37.91181785364697,55.5100750394037 37.90778381128853,55.50773700342557 37.91224700708932,55.50627566012104 37.91181785364692,55.504059185469096 37.90619594355172,55.503352810071696 37.90271980066841,55.4982860203951 37.902891462045375,55.49450986192092 37.900445287423736,55.49011200616105 37.90570241709294,55.48508005944625 37.91244012613829,55.47438045885047 37.909908120828256,55.472332822314605 37.89033872385559,55.469163650399715 37.86510450144347,55.468066569707474 37.86656362314759,55.45655756503213 37.85669309397273,55.453850508267024 37.85464388628535,55.453344438663024 37.85319549341731,55.45238715665101 37.85222989817195,55.45136887565492 37.84967643518973,55.44925296186146 37.845191781716785,55.44665517120301 37.84231645365283,55.44563064314714 37.83617955942676,55.45063106272842 37.833175485330074,55.450460327189596 37.83012849588917,55.44880171476406 37.82296163340138,55.44655759824821 37.79225057634522,55.4389652316469 37.79310888322995,55.42627623327021 37.78422540697259,55.417147382498584 37.77984804186015,55.415609426322455 37.77302450212627,55.41421789036393 37.759591999379644,55.41553618880927 37.75134278675692,55.42094117720288 37.74662209889072,55.422112799924896 37.74100018879552,55.42640845125677 37.729370130506936,55.42694537467613 37.729112638441464,55.42755550601899 37.72765351673737,55.427750746050826 37.72632314106598,55.43089885769605 37.72846890827789,55.43231420558442 37.72941304585112,55.43404671724675 37.72559358021393,55.437706702071495 37.72422028919831,55.43777989828569 37.72233201405182,55.439243794058314 37.720572484938046,55.439658554613295 37.72173119923249,55.442220213965555 37.72452069660797,55.442464172813494 37.72778226277008,55.44202504579664 37.72945596119533,55.443293621555114 37.73101164242398,55.44487928367376 37.73178411862026,55.44648317678382 37.73107601544032,55.44711739782152 37.72899462124475,55.44787357106225 37.724070085493416,55.448300436619725 37.70578814884788,55.44313505179414 37.70426465412734,55.44458655082706 37.69756986042617,55.450270056182305 37.67714215656875,55.44058565055432 37.674571143727235,55.44421367744923 37.67186747704023,55.445945664594944 37.666932212452835,55.448580090191896 37.66401396904462,55.44940940983725 37.662082778553895,55.445921270939905 37.652770148854195,55.44289634033266 37.6492940059709,55.44060309257911 37.64255629692547,55.44013954751891 37.6428567043351,55.43123354139302 37.652330266575675,55.4261940440268 37.64874683533178,55.425059152846046 37.649218904118406,55.42424152275764 37.64808164749607,55.42398524714432 37.64625774536595,55.425980491725106 37.643200027088966,55.42725568675388 37.642288076023874,55.42857964929903 37.63967024002533,55.42918975528551 37.639541493992624,55.43022691373269 37.634305821995554,55.43219133884512 37.624070512394674,55.430202510307126 37.61610971603849,55.4264686095171 37.6024197212264,55.42822578344739 37.57405267868489,55.42539474228853 37.56851659927812,55.42466254328287 37.56276594315018,55.4254923677791 37.562336789707786,55.42497983118179 37.55358205948319,55.4285430425683 37.54637228165115,55.4283478064711 37.5412653556868,55.42954361234881 37.53306852493729,55.42717636952099 37.52512918625322,55.435473295873635 37.50879148771469,55.43636197155099 37.49548773100083,55.449194064482306 37.49591688444317,55.45255996527172 37.48879293729961,55.45719370462032 37.47660497953593,55.45748634348803 37.46437410642803,55.46494789783692 37.465146582624264,55.46647173374387 37.46424536039527,55.467910180574364 37.46570448209934,55.47104288659467 37.46748546888522,55.47185954319165 37.46800045301609,55.47378532280603 37.46729234983614,55.47600350880475 37.469609778425024,55.477624411596366 37.471390765210856,55.4799520571367 37.46551136305021,55.4827547978575 37.46353725721525,55.482986319654316 37.46304373075652,55.48184088265805 37.46175627042937,55.48160935409012 37.45602707197356,55.48247453277686 37.4540529661386,55.48163372557612 37.45216469099211,55.48227956459585 37.45276550581145,55.48307161680433 37.451499503156434,55.48684887657732 37.45381693174529,55.4890906910423 37.45686392118621,55.489846056188185 37.45729307462858,55.49077196781314 37.45613436033417,55.49255063145153 37.45686392118621,55.49350084335159 37.45840887357878,55.493330294192965 37.46051172544645,55.4918440487042 37.461498778363946,55.49199023928253 37.46244291593718,55.49264809014183 37.461927931806315,55.493817575535644 37.46282915403533,55.495084478692384 37.46282915403533,55.49574227764487 37.46188501646208,55.49630261620287 37.45862345029997,55.49700911862481 37.4576363973825,55.49596154151239 37.456735175153504,55.4940855776875 37.455490630170594,55.49381757552969 37.4545035772531,55.49440230514918 37.45523313810514,55.495352472186596 37.454289000531915,55.49635134091648 37.45300154020477,55.49632697856725 37.45042661955046,55.49569355216853 37.4493537359445,55.49622952901298 37.44883875181366,55.498227196350975 37.45064119627165,55.499177270709296 37.44810919096159,55.50066323829775 37.445062201520685,55.501564535461775 37.44450430204558,55.50222222572167 37.441800635358575,55.50387858193178 37.440169852277506,55.503659362332996 37.43845323850799,55.504097800304734 37.43742327024626,55.50397601247111 37.436951201459635,55.50231966037146 37.43313173582245,55.502977337964126 37.43201593687224,55.50390293958932 37.43265966703582,55.50580279024991 37.43132929136431,55.506009819670375 37.431468766233095,55.50677094793457 37.431071799298834,55.50974833970989 37.424344819089484,55.50956568414324 37.42136220266492,55.51041806947714 37.41587976743848,55.510338920185184 37.4140987806526,55.510618986165596 37.41128782560491,55.51615901058358 37.40682462980413,55.51606161032435 37.404893439313405,55.516621658502785 37.40721086790228,55.518642635389696 37.406567137738705,55.51959221503931 37.403348486920834,55.5213695715047 37.40120271970893,55.52119914355791 37.39901403715275,55.520517424356896 37.39742616941595,55.516621658502785 37.396052878400276,55.51591550946962 37.38266329099789,55.514405768858005 37.37910131742613,55.51489278831179 37.373951476117526,55.51238457343851 37.371591132184435,55.51155658377421 37.3688874654974,55.51123999486793 37.367085021039415,55.51055810238389 37.366698782941256,55.509389116238324 37.3497667745052,55.50925649805777 37.338565869658986,55.50404432626463 37.34603313955643,55.49775957154316 37.36500172170976,55.49858785266594 37.364787144988576,55.493130619660015 37.35375790151933,55.48657606387206 37.34500317129471,55.48584500461896 37.34371571096758,55.48023976448088 37.31779484304764,55.4778512014582 37.317129655211964,55.477863388367275 37.31446890386919,55.479301417766465 37.312237305968786,55.47972794177665 37.3088899091182,55.48000822645893 37.30640081915238,55.481117159266454 37.303868813842314,55.48345678280332 37.30163721594186,55.48455343329553 37.295843644469684,55.48582063570735 37.29262499365181,55.48850112131926 37.291766686767055,55.48958544754197 37.29470638784738,55.49186365332454 37.29777483496041,55.492911339904715 37.29938416036934,55.49428790879594 37.2996631101069,55.49495790271532 37.298826260894245,55.49691909186627 37.30082182440134,55.49812499177688 37.30052141699163,55.499367395315915 37.29826836141912,55.50054886020822 37.29886481817198,55.50356082425452 37.29945490415521,55.50504662570617 37.29795286710688,55.50529628353972 37.29814598615595,55.507512688247076 37.30125734861323,55.50936974404277 37.30286667402216,55.50974723315035 37.30288813169424,55.511305859349655 37.30233023221909,55.51426464325465 37.298253274516455,55.51385067046926 37.297008729533545,55.51406983307686 37.29469130094469,55.51540913348573 37.295410132960555,55.51985893476786 37.29794213827062,55.520991088103926 37.30109641607213,55.52133194506626 37.29989478643343,55.528769192531406 37.29787776525413,55.53924710691587 37.296890712336655,55.541717101075285 37.29028174932397,55.54053687699573 37.28817889745629,55.53927144257583 37.2840590244094,55.538857733992046 37.28077600057518,55.540463872269896 37.279488540247954,55.54331095545542 37.27047631795791,55.5409262331841 37.264124847010635,55.545062903739556 37.27004716451552,55.55095082193069 37.26313779409304,55.55467289169241 37.26158211286437,55.55567633030167 37.25725839193237,55.557379076333994 37.257344222620766,55.55776218395647 37.2561640506542,55.55876554334789 37.256475186899934,55.5596472621771 37.25493023450731,55.56041950992479 37.25428650434374,55.561538330022394 37.254608369425526,55.561903155744744 37.253739333704715,55.562638877262806 37.25457618291734,55.563897476216106 37.25245187337751,55.56456020043958 37.25007007177229,55.56394003680735 37.24549958761092,55.561374157313125 37.24163720662948,55.5600485896537 37.237683630541476,55.55999690372408 37.23695406968943,55.55916992023984 37.23281273897043,55.556871300797795 37.23158965165965,55.557406441193635 37.23268399293772,55.559376667749746 37.231203413561495,55.5620764467045 37.2324265008723,55.56252639174973 37.23223338182322,55.56298849207875 37.225774622515345,55.562246696783646 37.226203775957735,55.56408291846617 37.216504908159855,55.57449059889186 37.20989594514716,55.573250576715274 37.20697770173894,55.57876958909778 37.20865140016419,55.58248901257856 37.21616158540586,55.588590045415664 37.21847901399474,55.58907614252599 37.21792111451963,55.58990249373724 37.210968828753025,55.590826042059824 37.20521817262509,55.592721678129294 37.20744977052549,55.59444711306176 37.20783600862362,55.59605097015829 37.207406855181254,55.59714447133948 37.21526036317686,55.59867532157494 37.21650490815978,55.60035189823651 37.22002396638731,55.60249003653948 37.216204500750095,55.6051382501315 37.214101648882426,55.608102092762245 37.22032437379696,55.61050701285941 37.21800694520811,55.612741755326915 37.21833960654567,55.61400526450714 37.216773196480915,55.61509826310794 37.224090262673556,55.616689128620074 37.23114250202021,55.62135543421305 37.2231602479919,55.622739633299204 37.21921203632198,55.62441517704174 37.21745250720819,55.62686765484392 37.217709999273616,55.62902862140771 37.21620796222528,55.6263091833518 37.21060750980214,55.62052367693535 37.20675585765672,55.62293997381881 37.19044802684616,55.62579319712211 37.1841394712431,55.625598941708226 37.184396963308544,55.63166896581119 37.187830190847606,55.641718849358696 37.17512724895308,55.64438867293938 37.17238066692181,55.64128195173596 37.1619131451916,55.643537261216004 37.15899490178335,55.642639230429374 37.15470336735951,55.643391635996394 37.149403322346096,55.64165622709328 37.14497231305349,55.64096750319378 37.144596803791394,55.641331587815024 37.140176523334766,55.63977813637469 37.13942550481061,55.639681043606146 37.138298977024355,55.64148328872162 37.13568114102582,55.64131338364596 37.13562749684551,55.64398323497574 37.13497303784588,55.64465673678496 37.14836262524814,55.64954079371607 37.14716099560949,55.65140931458878 37.14222573102207,55.65092399310059 37.13149689496251,55.65538872292678 37.133535373813864,55.65668679570211 37.13518761456704,55.658203181124385 37.13716603539565,55.66330333530423 37.14523412011244,55.66832452549167 37.1492252471266,55.67174438604554 37.153130543452285,55.673587590630405 37.15471841118909,55.67586722304481 37.15433217309096,55.677031239208254 37.1549329879103,55.67821946982989 37.15682126305676,55.67940766420371 37.154675495844856,55.67948040961429 37.15210057519055,55.68032909610396 37.15008355401136,55.68062007007177 37.14523412011244,55.68222038803661 37.13914014123061,55.683747902932744 37.13939763329603,55.68491168358451 37.13763810418225,55.687724009920245 37.13360406182383,55.6905603746907 37.12931252739987,55.695250832211855 37.131125700693936,55.69669906342415 37.13234342358671,55.69832295735017 37.13234342358671,55.69910155409804 37.13459924887222,55.70152896150633 37.122118993242886,55.708516201881416 37.12156109376779,55.71159333709299 37.11756996675363,55.71212635940495 37.111261411150565,55.708806965214634 37.0968418554865,55.70904926634273 37.091177030047035,55.71142373754057 37.08686403795107,55.71553026143391 37.090597672899776,55.72007237135813 37.09233574434145,55.72078694835365 37.09533981843811,55.72420220283463 37.098000569780886,55.72280949343241 37.10677675767762,55.72339080429148 37.1115832762323,55.72201017681141 37.11430840059144,55.721913288825526 37.12587408586366,55.72627300892557 37.13068060441831,55.72925186985224 37.129307313402684,55.735305761859344 37.134113831957364,55.737557569089034 37.13924221559383,55.73977292951615 37.14113049074032,55.74161291430442 37.13990740342954,55.74279917408686 37.140551133593114,55.74423958371512 37.14587263627866,55.74745912980596 37.15170513429401,55.749921108487534 37.152155745408514,55.75067144311129 37.15151201524494,55.75149437409807 37.152971136949034,55.75385415304186 37.152584898850854,55.754507604934226 37.14694153108352,55.755548264891246 37.144130576035906,55.75552406381358 37.14325081147904,55.75637109255249 37.14340101518386,55.75765370091374 37.14204918184037,55.758258690154676 37.140246737382355,55.75755690176055 37.13621269502396,55.756673598341656 37.134324419877416,55.75647999490175 37.130247462174786,55.757895697728515 37.12805877961864,55.757895697728515 37.12432514466988,55.757581101552596 37.117029536149374,55.76025508775508 37.114433157822944,55.7619610189441 37.11488376893744,55.76266272774865 37.117415774247505,55.763678973189805 37.120398390672065,55.76601381730133 37.12196480073676,55.769255751396905 37.12181459703192,55.77114272270481 37.12123523988472,55.7725216052603 37.118510115525574,55.7753034121971 37.11816679277163,55.777601276231046 37.119904864213275,55.78032225505372 37.12104212083561,55.78505025771571 37.122651446244525,55.787843257090074 37.12360512972519,55.789170601528376 37.12324034929917,55.79018615305899 37.120493767267924,55.790101524780326 37.11798321962999,55.78979927941432 37.112575886255975,55.790041075890485 37.11100947619128,55.79044003678081 37.1103657460277,55.79104451515915 37.107919571406114,55.791407197664306 37.1072329258983,55.79212046335806 37.10719001055406,55.79314802647505 37.10583817721054,55.79429644715326 37.103928444391954,55.794888777150426 37.10519444704697,55.79566241904009 37.10573088884997,55.797149218713436 37.1077908253734,55.79830960811869 37.11034428835557,55.79878100639575 37.1121038174693,55.80023142668187 37.11596619845074,55.80112582548411 37.11553704500838,55.802419041315716 37.11633097887677,55.802902475412004 37.114399788386045,55.80558542507871 37.11313202296053,55.806044997470565 37.11255266581332,55.80801476939881 37.114126251582675,55.808680368320644 37.121872471217706,55.8107587564359 37.123632000331455,55.81205165095133 37.12414698446232,55.8137673882832 37.12861018026311,55.81589383055463 37.12983451421082,55.81696818210373 37.13380418355285,55.81788635700997 37.134103468703685,55.81876708524583 37.136678389357954,55.82086909282391 37.138566664504445,55.822753554383134 37.13764398460332,55.82305554290709 37.13695733909551,55.826171926972926 37.141545670185955,55.828940159952886 37.13920678392497,55.83111407755048 37.1406015326127,55.83233383342661 37.14246835008708,55.83319126258194 37.14100922838296,55.83408490092751 37.140537159596356,55.834821533252075 37.13864888444987,55.83522003342286 37.137854950581456,55.83709172178138 37.13656749025431,55.837478123594686 37.13409985796056,55.83775584750342 37.129250424061645,55.83804564424774 37.126353638325554,55.83765924809808 37.123242275868286,55.838323364098535 37.122233765278686,55.84053297715009 37.11898292795261,55.84207842387201 37.12130035654146,55.84442666040353 37.12334956422884,55.84389545226723 37.12340320840913,55.84341856602619 37.12454046503144,55.84298996705006 37.128907101307696,55.846394481561155 37.132998356703155,55.84832815890386 37.134393105390906,55.84995779227573 37.13351334083402,55.85223312853071 37.132365355375654,55.8528245733358 37.132815966490156,55.85446005223366 37.13442529189904,55.854586783868655 37.13489736068567,55.85504542824446 37.13560546386559,55.85460488835496 37.13694656837305,55.85490059376572 37.13907087791275,55.855992873734145 37.14186037528826,55.85593252757821 37.14241827476334,55.85404968023546 37.144081244352584,55.85375396832193 37.146527418974124,55.852945275209485 37.14876974571056,55.852667660248784 37.15453113067455,55.85324702833622 37.155035385969356,55.855093706245164 37.15103353011909,55.855546309925934 37.14791143882577,55.856167877028476 37.14354480254951,55.857845454892164 37.12944711196724,55.864820502210414 37.12979043472116,55.86615985697513 37.128567347410346,55.866895879035894 37.13143731105625,55.868871606683584 37.131399760130016,55.86945073214491 37.13332189120039,55.87049549296479 37.133862666854164,55.87028443406542 37.134731702574996,55.870905764393164 37.13546126342705,55.87070669847535 37.138722829589156,55.87296875076495 37.139131083847566,55.87286724548834 37.14228536164907,55.87605199915822 37.14346553361562,55.876757676115886 37.14598681008963,55.875943432329215 37.14737020734689,55.87284842984825 37.1467050195112,55.86650226432405 37.148507463969196,55.86568177146943 37.15322815183543,55.86890331253142 37.15404354337595,55.871159438064765 37.15915046934031,55.87173852927256 37.16024481061838,55.870025359329155 37.16211162809274,55.869325592022 37.16582380536934,55.86889124732873 37.16939137133056,55.8732986729649 37.17417643221314,55.877424280344364 37.177995897850344,55.87881144708753 37.18014166506225,55.88099462609574 37.17913315447265,55.88306913499292 37.182566382011714,55.88422695201675 37.18316719683108,55.88566814453137 37.18579576166562,55.88643997448634 37.18525931986262,55.886952509308074 37.18641803415706,55.887477096733846 37.187512375435126,55.886337466706365 37.1899907365649,55.88705501545675 37.193134285530306,55.88496263019837 37.189422108253694,55.87967387778165 37.192748047432175,55.87007146555553 37.201910473427034,55.871603668601296 37.205472446998805,55.868696050479706 37.211201645454636,55.867091337739204 37.214870907387,55.86413511364897 37.223003365120164,55.859440889588576 37.22974107416557,55.86017703950424 37.233818031868196,55.856990978325406 37.23995492609426,55.8582219876062 37.23759458216117,55.87854004870583 37.23982618006153,55.887272086320124 37.23695085199752,55.89105857223232 37.220879055580234,55.894977315031674 37.21203849466716,55.898015574357885 37.19866785926379,55.903257212867025 37.18871149940049,55.905909106264076 37.179270123668076,55.91222470086327 37.17197451514752,55.930635270605904 37.17145953101668,55.93391162412086 37.16588053626569,55.93834389486581 37.16994070889345,55.9372568913637 37.175348042267466,55.936991925501516 37.17521929623476,55.94703526725825 37.17646384121767,55.949611914143844 37.1795537460028,55.952067996672945 37.183845280426645,55.95423499838077 37.18455338360654,55.9548128449265 37.18581938626156,55.95356083311592 37.18478941799985,55.95276626606884 37.18626999737605,55.951574384792636 37.185948132294264,55.950803856068575 37.18823337437496,55.950424605810504 37.18917751194809,55.94910021053165 37.1954860675511,55.95032828765153 37.19855451466416,55.9498105736348 37.20044278981065,55.946740266267845 37.2072448718724,55.94624658619072 37.20960521580551,55.94852227834573 37.21782350422714,55.947980459053795 37.22503328205917,55.94864268158441 37.22700738789413,55.94942529355638 37.227736948746134,55.95096639068633 37.22560696524222,55.95370804800328 37.22972683828909,55.965119069723656 37.243241898921305,55.965680139516955 37.25066625347455,55.966366127598356 37.25206100216227,55.97079466900309 37.24328481426554,55.97655823084051 37.24465810528119,55.978026056611874 37.24431478252727,55.97999911132612 37.245216004756266,55.98262167392267 37.24669658413249,55.98392085894409 37.25339137783366,55.98360809618079 37.25626670589764,55.984931305895444 37.25562297573406,55.98752947630674 37.265536420253106,55.99152261864001 37.23738395443274,56.00253769508518 37.24197589626623,56.00583198537207 37.24624597301792,56.00634894691841 37.24837028255772,56.00520681326398 37.26195298900913,56.00366788483086 37.27650129070591,56.00672163581377 37.28130780926059,56.01600162754142 37.29253017177891,56.02425797609789 37.29656709093314,56.02294492107916 37.29532254595022,56.02121442047292 37.296491989080636,56.01985039461936 37.299088367407066,56.01935164181159 37.3037232245848,56.017620979476135 37.30722082514023,56.019628059809605 37.313743957464425,56.01860650506446 37.322498687689,56.016358989098315 37.32524526972024,56.015000800817006 37.328249343816935,56.01489262446703 37.329923042242186,56.01503685952611 37.333098777715826,56.01720032060035 37.333034404699454,56.018979075213025 37.341510185186486,56.018702652510626 37.346488365118134,56.01802961506237 37.363311180059526,56.0128372159779 37.37266672510344,56.00927905633828 37.372219463873655,56.00176511893573 37.37048139243196,55.99920398276631 37.37694015173984,55.99729203762171 37.376354272786536,55.996903358635166 37.37340384287013,55.99599544288465 37.371311719838516,55.993951050865505 37.368758256856296,55.99276645639117 37.37024956506855,55.98994613299898 37.369326885167425,55.98908015003309 37.367932136479666,55.98869526246246 37.36400538248188,55.98881554024161 37.362503345433545,55.99052344415476 37.35834055704242,55.989296647600696 37.353040512028926,55.98659034048224 37.338105972234,55.98365528577954 37.33269863885998,55.97850637073053 37.34291249078868,55.9782657503878 37.34806233209727,55.98158617835412 37.370378311101184,55.98582051171277 37.38368206781492,55.98708350391659 37.38801651758299,55.98833442681802 37.38827400964841,55.989609364107686 37.39320927423583,55.990186680313485 37.39604168695555,55.988623095562126 37.39720040124999,55.98768491423038 37.40239315790282,55.98804575590957 37.40380936426268,55.99126912485915 37.40556889337646,55.99357823818478 37.40685635370361,55.99579100848425 37.40655594629393,55.99656063790203 37.41166287225829,55.99959090414398 37.41531067651855,56.00197166024176 37.424022491398915,56.002452603188416 37.425224121037594,56.00591521496725 37.42942982477294,56.00817536289765 37.433635528508276,56.008824529781485 37.43380718988525,56.0114210877807 37.43663960260497,56.01471461752907 37.43586712640868,56.01786364136036 37.42950046713737,56.01980859770407 37.42709720786002,56.02233231065508 37.42229068930534,56.02057774681699 37.422204858616865,56.02139495089355 37.42134655173211,56.02223617224395 37.42044532950309,56.02379839164238 37.41856338455403,56.023613190479914 37.41628887130938,56.02565600684212 37.41676094009601,56.02690567628457 37.422349699157664,56.028385991378045 37.41998935522457,56.02932318071651 37.42084766210933,56.03083705368596 37.42256427587887,56.03153389581165 37.42303634466547,56.03595494461345 37.42569709600822,56.04181685549185 37.43046069921866,56.040687786450036 37.432005651611234,56.03343212579359 37.435996778625366,56.0335762913164 37.438485868591194,56.03816527830186 37.44393611730944,56.04015927463513 37.45578075231921,56.046741130394444 37.45148921789537,56.04875869978652 37.45878482641587,56.053033675242034 37.46294761480701,56.05087223026344 37.46852660955797,56.05418639616406 37.478332207274136,56.05380084382688 37.49262301690543,56.04870934758321 37.494232342314376,56.04852921153553 37.504017040800704,56.04503440505741 37.50955339834452,56.04565221210491 37.510089840147494,56.05016770573669 37.50983234808202,56.05079214711485 37.507643665525876,56.05076813032621 37.508308853361555,56.05139256195031 37.5106048242783,56.05177682251963 37.50942465231176,56.053517955050616 37.509467567655996,56.055499147785056 37.51255747244111,56.05567925114106 37.51663443014374,56.054538582246245 37.517192329618844,56.05614751593114 37.524666447125895,56.05705376018621 37.52681221433783,56.05760605213069 37.51833643385065,56.06640563249765 37.517263550244685,56.06788203570869 37.51730646558892,56.06993450192687 37.52391542860162,56.06755795206312 37.538013119183894,56.05301938676245 37.54436459013117,56.05694570208442 37.5468751377691,56.05919084572582 37.5535913891424,56.058794653443755 37.5556298679937,56.05696971500375 37.56389107175957,56.058302408853514 37.57107939191945,56.05651346680948 37.575199264966336,56.058218366430374 37.58069242902883,56.060799584474886 37.58378233381399,56.06100367338325 37.5858208126653,56.05604520648151 37.58972610899096,56.0583264208913 37.59189333387497,56.05884267692854 37.59433950849656,56.05853052294489 37.597579616986536,56.05898674714207 37.60101284452562,56.0579422258475 37.603630680524155,56.055468878226584 37.60549749799851,56.05393196063177 37.60496105619554,56.052563091616946 37.60189260908251,56.05019747489889 37.603056018733724,56.04828899796301 37.60436493673298,56.04803680450015 37.60380703725787,56.04675179305142 37.60108191289876,56.0450583945601 37.599601333522536,56.04471009767388 37.59994465627643,56.044361797630145 37.59749848165486,56.042896500794576 37.59483773031209,56.04173142982504 37.59043890752767,56.04376127289828 37.58912998952839,56.042740359312575 37.58668381490665,56.04159930613811 37.58634049215276,56.037803559148045 37.58917290487248,56.031941036041424 37.596597259425536,56.02203999170977 37.611960952662834,56.028961378274815 37.622389381312736,56.030547353872976 37.63698059835375,56.0349444894617 37.64393288412036,56.03374313623811 37.65109974660816,56.02651019635802 37.65127140798505,56.02461162453264 37.672557418727536,56.0010519250095 37.69817787923779,56.01181184329256 37.71296221532788,56.01490100676618 37.71914202489818,56.0231215405144 37.73261744298902,56.02203999172315 37.73909765996898,56.01942011413529 37.74171549596751,56.013025902094164 37.76317316808661,56.00025833698699 37.767378871821926,55.99402930551734 37.77465302267033,55.99350015214139 37.78269964971496,55.990288997387516 37.788600509547685,55.98880961120398 37.789581637718506,55.98999832638506 37.803164344169915,55.990431309976515 37.80318580184205,55.99019076413802 37.80728421721681,55.990214818789504 37.81022391829713,55.989878052301016 37.814322333671846,55.98913234458663 37.81511626754026,55.98806186795109 37.81455836806516,55.984020249656496 37.81373817243521,55.98226595316968 37.81124908246941,55.97845231611715 37.80764419355338,55.97319441182526 37.81384546079581,55.96998156329654 37.83969937713737,56.012260121441564 37.8471769399585,56.01034164710847 37.848721892351094,56.012168800803266 37.846843369958044,56.01786306151084 37.84830249166214,56.02286250868569 37.85555518483841,56.0226221655212 37.863444869899276,56.02357818533171 37.870697563075545,56.025957457321105 37.871126716517885,56.02927377261033 37.88657624044368,56.02915362125342 37.91554409780452,56.018506720368876 37.922316307168686,55.98926791077391 37.91969847117015,55.98719910492362 37.914806121927,55.98597220243802 37.91652273569652,55.98002959210902 37.9235608521516,55.97581868561535 37.934748714351315,55.97324254240281 37.934905431658635,55.97141989160009 37.92671248810597,55.97114789018321 37.93405101197071,55.96310882188474 37.93709800141164,55.96390317574623 37.94231221573658,55.95733121020442 37.94450089829275,55.956849703463995 37.94293448822805,55.951937991205064 37.94087455170462,55.95209450149311 37.94241950409713,55.94979494026906 37.94468361654256,55.94962729999369 37.94485527791951,55.948640007442606 37.94378239431354,55.9474359579231 37.945220058345456,55.94597900771499 37.94412571706738,55.94531071875875 37.94474798955883,55.944600272753966 37.94779497899975,55.94369112360645 37.94826704778636,55.94116827298695 37.947473113917965,55.940572157689 37.948191945933964,55.94033130040987 37.949908559703275,55.94128869921428 37.95057374753898,55.93995796866784 37.952376191997,55.93968097825645 37.952967362292945,55.93909048425606 37.957382278331444,55.94064102654608 37.95989819038743,55.93726588281669 37.959876732715294,55.935832637005014 37.966271119006755,55.93279735244329 37.96794481743206,55.92831625783105 37.9982634238238,55.92276875297011 38.009464328669964,55.92185306486881 38.01828343191094,55.92210608611793 38.01819760122244,55.91951555203273 38.01570851125663,55.9163946312554 38.01846280546665,55.91329157845898 38.0178405329752,55.91173692393205 38.05590644331456,55.89981582610727 38.06667819471836,55.895391186297246 38.0988861605692,55.871414574263774 38.12258917608218,55.85304210272893 38.134369438075474,55.83120105460282 38.15629467043011,55.8183649509451</coordinates></LinearRing></outerBoundaryIs></Polygon></Placemark><Placemark><name/><description><![CDATA[0 км от мкад]]></description><styleUrl>#fillColor:56db401a_strokeColor:59595980_strokeWidth:3</styleUrl><Polygon><outerBoundaryIs><LinearRing><coordinates>37.39624323375547,55.83251739114865 37.396801133230575,55.8365990477108 37.395642418936156,55.83995582740627 37.392616887167335,55.84432644965736 37.39197315700376,55.846728874362896 37.39255251415099,55.84936050515493 37.39493431575617,55.85369385582372 37.39772381313167,55.858774966456124 37.400105614736894,55.8621056887571 37.40343155391535,55.86535166027767 37.408023495748814,55.868657685817894 37.414289136007596,55.871818657622434 37.41991104610277,55.873857468003045 37.427914757803215,55.876354562651564 37.43552150256941,55.878712781735466 37.44311751849959,55.88101658065449 37.448481936529376,55.88202972623712 37.45420040614913,55.88250010622783 37.46292294986554,55.88270514186471 37.466731686666705,55.88313933139514 37.474359889105045,55.88491222138039 37.48126925952742,55.88667900022391 37.48683752544228,55.888095982890135 37.49096812732518,55.88956717802258 37.524699587896436,55.90432426576942 37.529731412008324,55.905800869894186 37.53469886310388,55.90674707224317 37.54957975871849,55.90833808635292 37.56392421253016,55.909862746693996 37.572872061803785,55.91079077134315 37.57775368221089,55.91093539654697 37.581283469274496,55.91077269314085 37.58823575504108,55.90977837969084 37.59360017307089,55.908380271402436 37.60883512027547,55.90411331764248 37.614907641485175,55.90254623887219 37.62298645503804,55.90068374333515 37.63436975009726,55.89859209598759 37.64517368800924,55.89706096244536 37.652855534627875,55.89624714629436 37.66180338390158,55.89557799572657 37.66900243289751,55.895222316380085 37.68064322002214,55.89490280502209 37.689548153951584,55.894655634044284 37.69479455478471,55.89442654733538 37.698496003225216,55.89394425509437 37.702916283681766,55.89297362372279 37.70638706214675,55.891799488748184 37.71160127647169,55.88949633247707 37.71951915748367,55.885396133477 37.73378850944289,55.87825592528939 37.7473712158943,55.87124710744687 37.76121141441111,55.86417668576251 37.79047967918163,55.84913869404029 37.810478229596654,55.83880423065223 37.828266639783386,55.82957815030367 37.83176424033876,55.827476615245935 37.83588411338565,55.82346647339228 37.83768655784364,55.81979417214871 37.83869506843321,55.81387426965712 37.839446086957345,55.80742175415785 37.840583343579624,55.79477944393958 37.84255744941446,55.776969276365065 37.84311534888951,55.77084930060228 37.84268619544714,55.7641355691778 37.841677684857494,55.74356376047191 37.840240020825476,55.730864307726144 37.8387594414492,55.71870574922441 37.838115711285624,55.71444208747883 37.836914081646974,55.71192243129877 37.83118488319112,55.701187836700676 37.83006908424092,55.69855825761213 37.82930705874337,55.69557797619602 37.82909248202218,55.69226929035383 37.82930705874337,55.68960274547874 37.83256862490548,55.6812989246675 37.83696744768992,55.66952507277182 37.839134672573906,55.663570101839404 37.8394779953278,55.66023443539164 37.838984468869015,55.65706832061689 37.837546804837054,55.65416885583872 37.83636663287051,55.65251885492341 37.83381316988831,55.65006798937151 37.830530146054095,55.647762579184324 37.823427656582645,55.64315134988622 37.81960819094546,55.640614941350705 37.812806108883684,55.63618493277943 37.805660704067996,55.631487360470565 37.79800031512146,55.62650998721776 37.790854910305804,55.62247906365863 37.78012607424621,55.61675978009685 37.76257369845272,55.6070921645471 37.7539477142608,55.602342496792254 37.74313304751272,55.597628700507464 37.7294430527007,55.59191792768047 37.71798465578904,55.58720287346407 37.710431555203066,55.58438329090537 37.69094798891882,55.57713894802599 37.682558039120245,55.57409981391172 37.677901724270406,55.5729205662609 37.67232272951942,55.57216680170689 37.66594980090004,55.57206954070081 37.63799045412875,55.57369863053586 37.606082895687585,55.57553431461049 37.59492490618563,55.57623938889457 37.58930299609043,55.57718757220313 37.56694410174224,55.582572330980454 37.54761073916286,55.58717856750821 37.52175424425929,55.593339623536174 37.51666877596706,55.59457900856096 37.5116691383633,55.596340811771796 37.507849672726095,55.59828477828995 37.50551078646506,55.59980343480362 37.50027511446799,55.60424972165148 37.48083446352806,55.6209734310363 37.469075659206716,55.63097751220975 37.454935053280174,55.64307853641072 37.44407747118785,55.65237326300465 37.440429666927585,55.655284993080755 37.434528807094736,55.66039212759016 37.43066642611326,55.664564681383155 37.42551658480464,55.67147752265754 37.41787765353021,55.68168687948998 37.416461447170356,55.68389330088976 37.41502378313834,55.687481499474934 37.41360757677845,55.69024515674417 37.41146180956652,55.69266925599002 37.40862939684678,55.694959891068386 37.39910219042589,55.7020006289466 37.39157054751202,55.70764684079214 37.38966081469338,55.70913701326058 37.38732192843239,55.71169319245763 37.38391015856546,55.71801628847285 37.379168013027076,55.72720838168754 37.375026682308075,55.735296594936045 37.37131450503147,55.742535813399826 37.36981246798314,55.74620333076427 37.36949060290135,55.74782515873847 37.369125822475326,55.751359056822935 37.36936185686864,55.76091833412659 37.369597891261954,55.76770520242903 37.36981246798314,55.775869648018656 37.37004850237645,55.78252088953796 37.370370367458236,55.78499969699186 37.37225864260468,55.788735746522185 37.3767647537497,55.79359569961189 37.384596804073176,55.801863474043444 37.38639924853116,55.804268533525466 37.38826606600552,55.80797855880564 37.39075515597135,55.81559085380129 37.39369485705159,55.82465116038922 37.39624323375547,55.83251739114865</coordinates></LinearRing></outerBoundaryIs></Polygon></Placemark><Placemark><name/><description><![CDATA[10 км от мкад<br/>]]></description><styleUrl>#strokeColor:ed454300_strokeWidth:5</styleUrl><LineString><coordinates>37.33580267839774,55.94113957187313 37.33345306330068,55.936761820471325 37.33012712412223,55.936834084499836 37.329719428351964,55.93762897987893 37.330588464072775,55.93835159782781 37.32940829210623,55.93936926180265 37.327455643943374,55.93858644573351 37.32750928812369,55.93506959909026 37.32838368826225,55.93269976233736 37.332299713423886,55.926429682406194 37.34358644895855,55.91999591909347 37.33239137178578,55.910682580999755 37.33203135752443,55.90896912159386 37.32856594347719,55.908414693781765 37.32867323183777,55.90763727616101 37.331537831065674,55.907944629183994 37.331194508311775,55.90630538479408 37.33516142716869,55.90621147981669 37.337468126921515,55.90604272970383 37.34090135446058,55.90568714670866 37.34243557801709,55.9054219640387 37.34411672310387,55.90559980382395 37.34596208290613,55.905334620554264 37.34735683159385,55.903411987394314 37.34550074295555,55.90260433237327 37.34485701279198,55.90210405997621 37.34375194267785,55.90193529192281 37.34317258553062,55.90205584060763 37.3423571939901,55.90185693507593 37.341284310384054,55.90046456765496 37.34010413841751,55.90089855768344 37.341005360646506,55.903110625532186 37.33947113708999,55.903749509833574 37.334986483617094,55.90364102078498 37.334031617207785,55.903791699927844 37.33093098358657,55.903894161409234 37.33001903252152,55.90365307513804 37.29414808290158,55.905021773817346 37.28655206697139,55.89950068203757 37.280471970389804,55.90088217870895 37.277789761374905,55.898989463434575 37.27993552858681,55.89619241503751 37.28151062757119,55.8915889974188 37.283227241340704,55.89178795581577 37.283795869651854,55.89090770784693 37.285920179191656,55.89014802567165 37.286531722846846,55.88001750275889 37.286467349830374,55.873310600902315 37.29889134198676,55.84100183132023 37.29796866208559,55.84082675938529 37.29827979833132,55.83959519668411 37.29782918721683,55.83910618298081 37.295878789321925,55.83907638178704 37.29595389117432,55.83769382708451 37.292452001910036,55.83779934085236 37.292398357729745,55.8367789986761 37.2973765376614,55.83554730721337 37.29746322294636,55.835035755774776 37.29663710256979,55.83409383518862 37.294555708374226,55.833773818493086 37.29213123323781,55.83374147932819 37.29133729936942,55.82747948324528 37.26495098347756,55.813380012777785 37.25857805485813,55.81751805169904 37.2569150852689,55.81778987820597 37.25622843976109,55.81567562177748 37.25481223340123,55.81566353998068 37.2548045792678,55.815391833766505 37.253393737325965,55.81541599752574 37.25250860835105,55.8154220384632 37.252052632818476,55.81427726398309 37.25181659842516,55.812827369154505 37.251805869589056,55.81169158028484 37.250333968707665,55.791557080954384 37.249561492511376,55.78982827057549 37.248692456790515,55.787969411208216 37.248209659167834,55.787231887842495 37.2481023708072,55.78701123262614 37.24635893494753,55.787265137135314 37.24445456654694,55.787047504800626 37.24001282841826,55.78968923695985 37.236837092944626,55.788927566046894 37.23046416432524,55.786715008566716 37.22945565373559,55.785651001561746 37.23420852810998,55.78422421907671 37.23093623311177,55.78076586757882 37.23341995865957,55.7788702941515 37.24366582940142,55.78329211700895 37.25320376465831,55.782354984226046 37.25421227524789,55.78218569329397 37.25473798821475,55.78162037720827 37.2550866753867,55.78137248199808 37.25590743134524,55.78131504263801 37.25646610239187,55.780501066826396 37.2551035402123,55.77960014578553 37.2538268087212,55.780180607376614 37.25026483514944,55.77909828136906 37.24903101900258,55.77862664382631 37.24925632455984,55.7778163813419 37.250484776288545,55.77675968894515 37.2502272842231,55.7761368467844 37.24977309631566,55.77588281542829 37.25020761417608,55.7753446198518 37.2496336214469,55.77510877898885 37.25011641906958,55.77462197472674 37.25066358970857,55.774135164339555 37.250727962724916,55.77359694452055 37.2506582252905,55.77344273407858 37.25055630134795,55.77319781038256 37.25066358970852,55.77280169594867 37.24984035427199,55.771941847484015 37.25032315189467,55.77128264112073 37.250022744485015,55.771191923766054 37.249915456124405,55.770121443043344 37.24994764263259,55.769946050731676 37.252232884713266,55.769764609575255 37.25264058048355,55.771276593297785 37.253134106942284,55.771778558871226 37.25801572734938,55.77218980293694 37.280325434200044,55.760035728590715 37.28088333367515,55.75294498707651 37.27920963524982,55.7445215369342 37.2740597939412,55.74316586859366 37.261271021358176,55.744981485080515 37.254490396968535,55.743940542005106 37.24821402787368,55.74506621175911 37.2455210900227,55.745501946135164 37.244437477580675,55.74510252313803 37.24445893525279,55.74439444500589 37.24448039292491,55.743698458191865 37.24387957810558,55.74321428609679 37.241808912746066,55.74276642154319 37.24014594315684,55.74268774209576 37.239062330714816,55.74252433043968 37.23887994050182,55.74154384606497 37.23583941851897,55.74127542122845 37.23473434840485,55.74077306124373 37.23362927829072,55.74094253280784 37.23285680209441,55.739998324681245 37.23420863543793,55.73707476556914 37.24019532595918,55.737904037591484 37.24290972148224,55.737667969253586 37.244508318055125,55.73551302275432 37.246017976621474,55.73413429169141 37.24679045281776,55.73288722945807 37.24956922135714,55.72966647585977 37.254053874830056,55.72358748455668 37.25478343568203,55.72318783627106 37.25860290131924,55.72456842193875 37.26986817918177,55.72052340956198 37.271584792951316,55.71948181130789 37.274653240064346,55.719760381015654 37.27500090770379,55.71845006864955 37.28214631251945,55.71918889919008 37.28266129665032,55.71788079620047 37.28244671992913,55.71728729051981 37.28620181254998,55.71680278936595 37.29021439723624,55.71775967332152 37.29956994228021,55.71418637886803 37.30770240001326,55.69687245122593 37.29422698192241,55.694739482174015 37.273867659435034,55.69166076057443 37.272344164714546,55.68903659840308 37.271990113124524,55.68566068395734 37.27149660812751,55.68267856277007 37.26836378799811,55.68266037792198 37.26821358429327,55.68427879614915 37.26429755913153,55.68429698023532 37.261272027362736,55.68472127330669 37.26071412788761,55.683011950128154 37.2606000935493,55.68173785519779 37.26116872186046,55.68075583752918 37.25913024300915,55.68011326935654 37.257939342206534,55.67964042939588 37.25699022694899,55.68005080775677 37.25635186120344,55.679856822517785 37.25664690419507,55.679268798852625 37.25581005498242,55.678871726308905 37.2550912229664,55.67943247642666 37.25465134068796,55.67922333272986 37.25393250867186,55.67865045508257 37.25364819451626,55.678292781187025 37.25310638829521,55.678192753147755 37.2527791587954,55.67730158296851 37.25288108273797,55.676377048114325 37.253707203114544,55.67604360393908 37.25419000073723,55.67505537988504 37.25541308804804,55.6751645101462 37.25579932614617,55.67424901898377 37.25503757878593,55.67416413791856 37.25527361317925,55.67358209134635 37.25518778249075,55.672739320995774 37.255885156834616,55.67164793661732 37.25565985127735,55.67112042321076 37.255777868474006,55.669834958328565 37.25524142667104,55.66947113981428 37.25682804968576,55.66816237815353 37.263533572222926,55.66998756142746 37.2656364240906,55.66786524718129 37.266914805860786,55.66642232406179 37.26803060481099,55.66677404286636 37.268652877302436,55.66627072014968 37.26940389582661,55.66657392738408 37.27093539925409,55.6670746104713 37.27127872200801,55.66674108666921 37.27236233445,55.66652277863477 37.2734566757281,55.66530386963113 37.2767718860705,55.66589210410945 37.28095613213369,55.661386122771304 37.28535139624677,55.660807017347 37.28974305874011,55.655470821568024 37.29696733060066,55.6572462453734 37.30052930417245,55.65967239891341 37.31413346829599,55.67221320431785 37.3216972977179,55.66996367603698 37.322587791110834,55.66835072676394 37.32270044388944,55.66739869151551 37.32276223668856,55.6666184553958 37.317912802789614,55.666576006573514 37.317548022363596,55.6650235607322 37.31615327367576,55.66382886299029 37.3072590685824,55.64623163686457 37.297088131997555,55.626471547733026 37.29666174313965,55.6247043031681 37.297745355581675,55.624115447094134 37.30001986882626,55.62296199191893 37.30317414662777,55.62069747814063 37.305344801939185,55.62012677538224 37.30605290511913,55.61879105610565 37.308241587675276,55.61718813264114 37.31010840514963,55.61611948043223 37.313842040098365,55.61495364465933 37.31343774204073,55.614485623240405 37.31467155818759,55.613763021805894 37.31557278041651,55.61285216059576 37.31606630687524,55.61233599648449 37.31739131812861,55.61169533623802 37.31740741138271,55.610277344671125 37.31738595371053,55.60936336563993 37.320057433889374,55.607444243714056 37.323050779149916,55.6056343524451 37.32405928973951,55.603648234306654 37.32737450008189,55.60202039244912 37.33869432028811,55.60475637514786 37.34011220004117,55.603742981537074 37.3395972159103,55.602030105461495 37.34126018549948,55.601592763356045 37.34299825694105,55.60091548084019 37.34092759158156,55.599251077551045 37.34257493460611,55.5980423818233 37.34297994816736,55.597972521762685 37.3447314306541,55.59737263136941 37.34517131293249,55.596358112211654 37.347310776165074,55.59653430529366 37.350068087032376,55.59398879049006 37.355808014324204,55.59730582475534 37.355044386508396,55.59916305228597 37.36570884955157,55.59752894863741 37.36798336279616,55.60226705344772 37.37156679404001,55.603372528542906 37.37072994482735,55.6046115953137 37.37444212210396,55.605874917039905 37.37991382849432,55.60418642976713 37.40212226292593,55.60429491268855 37.413580659837514,55.597370155929525 37.402057889909486,55.5874303774677 37.40347790206744,55.58520886233896 37.40325259651018,55.58428518126424 37.40307020629715,55.58351340468029 37.40254449333024,55.582899618723154 37.401189002069174,55.58180054142257 37.399958135435554,55.58086263989862 37.40299439604043,55.5794526453546 37.40098810369728,55.578747629011445 37.40211151108314,55.577852769251884 37.40057728752663,55.57737261054304 37.402465562673115,55.57564642166871 37.400878986744594,55.572927818795044 37.402144989399645,55.572477993396426 37.407897679132795,55.56662551052218 37.41405603103097,55.56308698466208 37.42873307876042,55.55705494501811 37.432402340692796,55.554026413163086 37.42957159112514,55.55210861674516 37.42420717309536,55.54966360745614 37.424314461455964,55.54914052593227 37.42487236093107,55.54892155949766 37.426095448241846,55.54901887806429 37.429271183715485,55.549505467267615 37.43201776574673,55.5505029562217 37.43547245095792,55.55254651272711 37.44038625787315,55.5496149489986 37.43630930017052,55.54782670894241 37.439206085906605,55.54561258424064 37.44113727639726,55.539973299869416 37.44115873406936,55.539334494759764 37.43965669702095,55.534387965244285 37.443368874297555,55.53433928780241 37.4449084622721,55.5337977471684 37.44827951827034,55.53423006434533 37.448414009431694,55.533564575490495 37.45137516818415,55.533692356174285 37.452448051790114,55.53375320396639 37.45248023829827,55.5336710594166 37.453070324281555,55.533701483344004 37.45348338446984,55.53372278007915 37.45345656237971,55.53381405166996 37.45464209876428,55.533811009287035 37.45440069995294,55.534951886305684 37.45420758090387,55.53491842104681 37.45410565696131,55.535316959927556 37.45433632693658,55.53551774897211 37.45436314902673,55.53580980392624 37.454322662375574,55.536079778058976 37.45464989187539,55.53611628452337 37.45595344545664,55.5366121606211 37.45680102350535,55.536703425477405 37.45663472654643,55.537022850799296 37.457648601554055,55.53723579956621 37.458018746398054,55.537324020852914 37.45983728411017,55.53743049456216 37.45992311479865,55.53794764846004 37.45142051222144,55.53865644239362 37.44685002806005,55.538802458437765 37.44590589048682,55.539179664031366 37.44603463651953,55.53941085276023 37.447558131239994,55.53914924435414 37.447901453993886,55.539891477584526 37.448899235747426,55.53984889081251 37.44915672781285,55.540256505158965 37.44884559156714,55.54074928698584 37.45040127279576,55.54081620749632 37.45147415640173,55.54151582416567 37.45160290243441,55.54453315800669 37.460422005675355,55.547306953300435 37.47323223593048,55.546637854002384 37.47631141187952,55.54282376957727 37.47703024389551,55.54268993530526 37.48137542249962,55.539532530429966 37.48575278761193,55.540347761460545 37.48633214475906,55.53948994324343 37.48717972280777,55.53948994324343 37.4873084688405,55.53885113024715 37.48792001249589,55.53790201740617 37.48787709715166,55.53767690392766 37.48550602438249,55.53658173884068 37.48770543577461,55.535334430164426 37.488756861708445,55.535930709504306 37.48972245695381,55.53614366421089 37.490623679182825,55.536174086217294 37.49054853294818,55.536926534197335 37.49496881340473,55.536963039872276 37.494893711552315,55.53963394607702 37.499507111057916,55.540729025781495 37.501270343606535,55.54111265968737 37.5023432272125,55.53886165131973 37.50393109494931,55.537158099496715 37.50564154231592,55.536336682807786 37.5069504603152,55.53611764474372 37.5086992605929,55.536257585870445 37.50706470142098,55.52663181373135 37.50688767562596,55.52586194212805 37.5072202695438,55.525533296684976 37.50769233833037,55.52433432603638 37.507075430256904,55.52237146492895 37.520212938215366,55.522775692398014 37.52916078748905,55.52094970563811 37.53456812086309,55.52256875149599 37.53527622404301,55.5242729380236 37.53664951505863,55.525879674556755 37.53855924787725,55.527255086055874 37.54094104948247,55.52836268321249 37.54379491987432,55.5293485400547 37.547550012495165,55.52985971531478 37.551584054853556,55.52989622757807 37.55563955488409,55.52925117257606 37.5589225787183,55.52815577182383 37.56182485794782,55.52649029547964 37.563584387061574,55.52482272240156 37.56487184738872,55.52180386940902 37.56495767807717,55.51932044497274 37.56245249485716,55.51005795317078 37.558091222998755,55.49560738297191 37.559936582801,55.49561956437195 37.56253296112738,55.493914131543185 37.56434613442145,55.49437704207119 37.565078346623444,55.493908620240866 37.56506761778739,55.493640616873805 37.56548067797568,55.493750254836236 37.567765920056374,55.49346093177257 37.56698407765035,55.491230492489144 37.568432470518395,55.49104775064127 37.571083959400006,55.49883932333991 37.57848992539939,55.4958358225767 37.580828811660375,55.49760816618066 37.581435493620994,55.4973546414136 37.58247619071878,55.49853007670673 37.585244230422155,55.49782360168775 37.58376365104593,55.501422837319716 37.58516198685699,55.50118210281732 37.587683263331,55.50042086603903 37.590097251444405,55.500025017073376 37.59224301865626,55.499891036512246 37.59540802529384,55.49998238694042 37.595678365468494,55.49924968805139 37.596311366796016,55.49838487930852 37.598070895909764,55.49774539578862 37.59981969618749,55.497507870682185 37.6012251737113,55.49750178027591 37.60414341711949,55.49894518010629 37.61034279944153,55.49891012681969 37.608669101016254,55.51286635325986 37.6294615852997,55.51348732638876 37.6379249151549,55.5056255697534 37.646035915215904,55.50470609807035 37.648272305201736,55.50460542698594 37.65006938524173,55.50469676643013 37.65107789583133,55.50536658251823 37.65347579069055,55.51599077057345 37.65573639083924,55.518621745048364 37.65526432205261,55.51892610016842 37.65463132072509,55.51917566959676 37.65392321754517,55.51929741020738 37.65320438552918,55.519346106345715 37.652544562111494,55.51930958424766 37.65268940139831,55.52054218623146 37.655146304855876,55.522681647728724 37.665942772344536,55.52052660421492 37.675866945699475,55.51687433590055 37.67652140469907,55.51302691179358 37.67815218778012,55.51142573634141 37.68263684125296,55.51107566072186 37.68291579099051,55.510804730510394 37.6838867506539,55.51092040880732 37.68403695435872,55.510996512763825 37.684562667325636,55.51108783731659 37.684562667325636,55.51124917683973 37.68532441468584,55.51127352991164 37.68640266270983,55.51120960304995 37.68701314232921,55.51072262179463 37.68865465424632,55.51158107018835 37.69082187913034,55.512116829869136 37.689947102289075,55.514241680709375 37.69246837876305,55.51461303514585 37.69213863456104,55.5153253230896 37.69358739860246,55.515331296499554 37.69551858909316,55.51534651558964 37.695679521634055,55.5156356771785 37.69544885165874,55.51673447173849 37.697594618870625,55.516752733985946 37.69823298461617,55.516853176227826 37.699578513007474,55.51698894008892 37.70086597333462,55.517043726467975 37.70822059045344,55.5184224917797 37.709568538170885,55.51536092705902 37.711070575219246,55.51439906930087 37.71212200115308,55.514843474870055 37.71410383918585,55.51330709711198 37.72942461707891,55.51748320943609 37.72790469473296,55.51908677333289 37.73459948843413,55.5213754387149 37.74893321340972,55.51850241180466 37.75146424155031,55.520877895663524 37.75382458548343,55.52028138712026 37.75573431830202,55.51843093548872 37.75227963309083,55.5160933979761 37.75333105902469,55.51521678545962 37.75485455374513,55.5149489277237 37.755777233646256,55.515314187818745 37.7585238156775,55.514741945491906 37.760606277469726,55.51375497165974 37.760456073764885,55.51362712592712 37.76251601028832,55.513054858964544 37.76285933304224,55.51348101600768 37.76576684761438,55.51296962699981 37.79004831995696,55.51843297768076 37.79052038874351,55.519504302367274 37.79058476175985,55.5223650827193 37.79742975916586,55.52299807823166 37.79769600664898,55.52418450955119 37.799949062221486,55.5244401317132 37.80233086382671,55.52580342173978 37.805807006709955,55.526326815121585 37.80634344851295,55.525827765767346 37.810463321559816,55.52388019527266 37.81595121097335,55.52106532829505 37.81805406284099,55.520094480201365 37.82097767066724,55.519202739589275 37.821964723584706,55.51900795396006 37.82382081222301,55.51952535115755 37.8140253849005,55.530839423517634 37.81662176322693,55.53118019479342 37.81828473281615,55.531545303584274 37.82056997489685,55.53169743123654 37.82274792861689,55.53215989567084 37.82423307815145,55.53212620456137 37.82437255302022,55.53182803705974 37.82513430038045,55.53176110118613 37.82640030303549,55.531742845928015 37.827902340083824,55.531864547488034 37.82797003049702,55.53314490644314 37.828387491807945,55.53446605579026 37.8285967041111,55.534755076278806 37.82895075570107,55.535652547357 37.82900469656915,55.53589700855591 37.82589333411188,55.53638376088811 37.82402048895991,55.53697779330373 37.822926147681834,55.53829197443932 37.82172451804316,55.53849883226672 37.81932125876583,55.53781741411748 37.81608115027583,55.5364423735224 37.81479368994868,55.53757404761267 37.82005081961788,55.54096887363935 37.82713185141715,55.54394975052184 37.84348259757189,55.54976484876391 37.840993507606036,55.55584666305628 37.84103772173309,55.56109868126445 37.857173891166646,55.56126285508749 37.85713097582236,55.56163376380951 37.841021051746,55.56148269874466 37.84113906894266,55.56355000245206 37.841106882434474,55.564401213396785 37.84033440623819,55.56596374528738 37.836354008060056,55.56496665040166 37.83244871173437,55.56509432860092 37.83050679240739,55.56723439632844 37.82726668391739,55.56802473265444 37.82512091670545,55.5691129388476 37.823801269870124,55.569708703710624 37.819177141528414,55.573763311251646 37.81644951317967,55.5748842339532 37.81160007928065,55.576485854920925 37.81138550255947,55.57744618822263 37.817028870326745,55.57926954096408 37.817758431178795,55.580886175938886 37.81926086171263,55.58649842016594 37.82319834454645,55.591705699593504 37.82478621228328,55.592179606563846 37.8281765244781,55.59084293112193 37.83055832608332,55.59034470403248 37.82725384457697,55.587561806634 37.83834746106256,55.58671109975964 37.84390499814142,55.588995813441976 37.838411834078926,55.591462668142356 37.84173777325738,55.59344333037355 37.83695271237483,55.598327724679514 37.842412114863066,55.60164982617663 37.84721863341775,55.59606114313692 37.85176765990701,55.59601254238672 37.853355527643814,55.600848020775224 37.857217908625266,55.60352064142221 37.86339771819559,55.604176620356895 37.86889088225808,55.605197010134866 37.876025558237615,55.60667288387915 37.89086200576363,55.61631762934407 37.89403774123722,55.629552214272 37.90425159316594,55.6390929010397 37.90854312758975,55.63831613847881 37.91420795302922,55.63518465753496 37.91622497420842,55.63537886521443 37.927211302333426,55.63365523827414 37.93037049339481,55.63425201113071 37.91783921287723,55.6427478961543 37.927452249986594,55.639762410295084 37.933460398179975,55.63867010227411 37.93377565026855,55.63821339734617 37.93500946641541,55.63779466625883 37.935803400283824,55.6375761960811 37.93770240426632,55.63938460679578 37.934612499481176,55.64751535052022 37.93381037307215,55.6481767941668 37.93579520774317,55.64908076427486 37.93388547492457,55.65057924573908 37.93797071617977,55.65240893598276 37.941489774407295,55.650710327895126 37.940438348473464,55.64994593011206 37.94127519768611,55.64825934866221 37.94468696755307,55.64895097721745 37.944872497477334,55.65024721712328 37.94581663505057,55.65018655045946 37.95399200812796,55.651339200930714 37.9550136902692,55.649739347802814 37.956494269645425,55.64998201667496 37.95503514794133,55.652129570365844 37.95921939400456,55.65136520040722 37.96080726174137,55.653876645428184 37.95572179344914,55.65483507696242 37.956687388694455,55.65728261005237 37.957009253776164,55.660630659206916 37.957245288169474,55.662553231353414 37.95280355004077,55.66218631242673 37.95289474514727,55.66366306419494 37.953543839728894,55.66362364444346 37.95352774647479,55.66407848530551 37.953270254409375,55.664375645134946 37.95274454144238,55.66537323654277 37.95277136353251,55.665955405757096 37.952926931655355,55.66624042292404 37.953307805335456,55.66632532125351 37.95409101036779,55.66721674253295 37.95396226433508,55.66745627062854 37.954080281531716,55.66759574199975 37.95331316975346,55.66761393388173 37.952916202819246,55.6676472856433 37.95248168495883,55.66782920384028 37.95240121868839,55.66802324896855 37.951135216033364,55.66858718717329 37.9489465334772,55.66725312662381 37.948967991149274,55.666204037825864 37.945620594298695,55.666046368861785 37.944976864135114,55.666191909466676 37.936200676238386,55.666022112041446 37.93308931378112,55.66716216626202 37.93291765240417,55.66876303717745 37.93652254132017,55.66876303717745 37.93652254132017,55.672740674082604 37.94913965252622,55.67237688269543 37.95089918164,55.67526286755854 37.94359975460063,55.675703680097826 37.93166928890239,55.67604318983075 37.93162637355815,55.678734912261575 37.92956643703472,55.67890465428172 37.928622299461466,55.68690593895223 37.93686204555523,55.68705140163889 37.93849282863627,55.69042113509473 37.9388503868795,55.69352570836091 37.94236944510703,55.69311363120303 37.943871482155366,55.694204414170756 37.95556844537647,55.70255654073464 37.96046079461959,55.70836017027158 37.96140493219283,55.70972916753772 37.96229012646064,55.711846613227415 37.95211918987615,55.714947711392774 37.94533856548651,55.720931162946044 37.9373010312078,55.727107644951836 37.939146391010055,55.72996535707863 37.95706354722947,55.73460263773492 37.968436113452576,55.736842379321814 37.96912275896039,55.740062538347466 37.972706190204285,55.73890040645058 37.97686897859539,55.73890040645058 37.977319589709886,55.739299893205754 37.97983013734782,55.73928778760684 37.981503835773125,55.739372526720025 37.981932989215466,55.74077674797323 37.98161112413368,55.74157567880028 37.98555933580355,55.74254405776843 37.98658930406528,55.74438391134501 37.99002253160434,55.743706080689435 37.99194835767703,55.74744308023401 37.99386881933163,55.7471283993807 37.9951455508227,55.74969418420411 37.999555102443196,55.74856864851198 37.999930611705274,55.74870782942286 37.99535993225556,55.75170272791128 37.981669937443414,55.751823745035594 37.96317342407672,55.751146044177496 37.965533768009784,55.75305809835398 37.9703832019087,55.7532275163371 37.98218492157423,55.75777732288358 37.9826999057051,55.76281053035013 37.9656625140425,55.76566561763207 37.95682195312942,55.76491557265635 37.95291665680374,55.77091552669362 37.94918302185497,55.77258470384306 37.94772390015085,55.78046999041832 37.959826027226065,55.780324876916865 37.95961145050485,55.78354143221715 37.967422043156226,55.782936836903765 37.9686236727949,55.78066347423637 37.982871567081965,55.77984116131318 37.98377278931098,55.78859548035687 37.99419429086946,55.79521914939996 37.99166228555939,55.79971568872014 37.98764970087303,55.804997247652175 37.97695305132165,55.80372828886076 37.97561194681413,55.80791569521802 37.975805065863184,55.810417046846915 37.975805065863184,55.81299073290961 37.96915318750623,55.81259200398995 37.96736683630222,55.81340456079505 37.97519888662572,55.818847346129765 37.975273988478115,55.819777557025326 37.968450448744186,55.821190951605914 37.96510762018289,55.82190701191128 37.96607321542825,55.826013943887745 37.96473091599759,55.82780204242939 37.96800589320477,55.82872750916399 37.969234344933554,55.829132110833825 37.971632239792825,55.82907474218932 37.97161078212072,55.8302734271181 37.97302698848058,55.83027946573923 37.973391670954555,55.83029486617831 37.97636551204033,55.83020099914845 37.976376240876355,55.8336006002345 37.97853273692434,55.83354021915924 37.981129115250745,55.83444592539603 37.982879963650575,55.83632931629613 37.977553096546906,55.84482641462369 37.976394382252494,55.843869640954104 37.973647800221244,55.84314525398539 37.972210136189254,55.846247949489516 37.97579356743315,55.84761209097862 37.97685343643958,55.84889722818234 37.97275502106482,55.853073719322 37.952144388410694,55.842238214662096 37.95010054514134,55.843071278018705 37.94634545252027,55.84489731424209 37.944693211767095,55.84475244178025 37.94342720911205,55.8469858319795 37.934651021215316,55.846249431072934 37.84854138300117,55.82376435350493 37.866394166204316,55.85042620791927 37.81197750971017,55.84279661044473 37.771079186651036,55.86167470575608 37.79828751489807,55.8815326284504 37.79961789056941,55.90039182743404 37.83721173212214,55.90516545856555 37.84124577448056,55.90692528481492 37.84206116602108,55.907310989445946 37.842404488774974,55.90904661261446 37.84352028772518,55.911577589907786 37.84570897028132,55.91305994242692 37.85015070840995,55.912529676512364 37.85015070840995,55.91158964177728 37.85336935922783,55.91069779279583 37.85320655033511,55.909636860956454 37.857304965709844,55.909504283409404 37.858238374447,55.90971218888604 37.85773411915216,55.91101684564234 37.859236156200495,55.91114339199003 37.85934880897905,55.912249148370186 37.86247090027237,55.91213465735227 37.86237434074779,55.91303852456343 37.86303817558925,55.91308153621965 37.86330639649075,55.91579903317849 37.8565794162814,55.916015942645956 37.856890552527084,55.91942608138668 37.85749040547817,55.92227519518107 37.854357585348765,55.92211253956687 37.848049029745724,55.9216366173448 37.84788809720483,55.9222992922443 37.84760914746728,55.92331737968858 37.84678302709066,55.92320894560369 37.84667573873008,55.92355834318925 37.84787736836873,55.923660752227 37.84774862233599,55.92603415614187 37.841375693716586,55.92595584818223 37.84080706540541,55.92853992673209 37.84068904820875,55.929437386723514 37.83743821088262,55.92940727093544 37.83711634580083,55.93115996954584 37.83698759976812,55.93159963746219 37.83667646352239,55.9319549818432 37.836172208227595,55.93194293632454 37.83609710637518,55.93258736629095 37.83578597012944,55.9329186111378 37.8343268484253,55.93284633976808 37.83302865926209,55.93383403668093 37.83388696614685,55.93472535121371 37.83561430875245,55.93455672571933 37.83741675321041,55.93447241268928 37.83979855481563,55.934466390323394 37.841214761175515,55.93484579753767 37.842566594519006,55.93484579753767 37.84290784027286,55.937323964013665 37.836019927522614,55.93755881818892 37.83581071521943,55.93872704587765 37.83239358093446,55.93876618691574 37.83231311466401,55.9388775881015 37.83041411068147,55.93886855558386 37.82991521980468,55.93893479399746 37.8292339387149,55.939118454438855 37.82736712124054,55.939202757308415 37.82696478988831,55.93817906714134 37.82586508419216,55.93832660062858 37.82452934410274,55.938922750631946 37.823628121873746,55.9397145921911 37.824781471750136,55.941686598426514 37.82491021778285,55.9424633304548 37.82405191089809,55.94346884404178 37.821358973047104,55.94395653878882 37.81419211055926,55.94479945344437 37.81288319255993,55.942330865600255 37.81166010524905,55.94168057710228 37.798914248010284,55.93957308547162 37.79322796489867,55.94251149927056 37.79133968975218,55.94347486490465 37.78494530346067,55.94696686360768 37.782648314479125,55.94690507473726 37.78124283695522,55.947290379946146 37.77926336670223,55.94704053401096 37.778506983760025,55.94651976560665 37.775004018786575,55.946426447975405 37.774859179499764,55.946086288270166 37.77362536335288,55.9461194012806 37.773421515467746,55.94623379150661 37.773040641787645,55.94621271964838 37.76926409149459,55.946318078785346 37.76850234413431,55.94668833874277 37.76609908485698,55.9467214512493 37.765433897021225,55.94355456284258 37.76224743271151,55.943584667555655 37.760766853335284,55.944259007261536 37.757891525271326,55.94476475430299 37.752655853274256,55.94481292034198 37.75248419189721,55.94192285147507 37.74235617065698,55.93580482474298 37.72778641128808,55.934383569400936 37.71783005142478,55.93370905699298 37.705027998084574,55.92305375505071 37.69929879962877,55.92472843180361 37.69962066471053,55.929029247018 37.694213331336485,55.930173640913466 37.695715368384846,55.934485894022096 37.66874307453107,55.9358589684004 37.66651147663069,55.94414455542286 37.677251119822834,55.94503641964789 37.677165289134365,55.953849740909114 37.69115569135604,55.953560811491 37.69433142682967,55.958038974036306 37.69134881040509,55.96231200425984 37.68737055543256,55.96268712992943 37.68157698396038,55.96201311248694 37.67816521409343,55.962795453055236 37.67814375642133,55.96452858175804 37.67791308644604,55.9660480141521 37.67775678923994,55.966769897305504 37.6799991159764,55.967007580818894 37.680648210558005,55.96695041656351 37.680649266393814,55.967292456532356 37.68370162025277,55.967292456532356 37.68369089141672,55.9680807070459 37.686217532308724,55.96828829705097 37.68590639606302,55.9691908493163 37.68094967380345,55.96877868639163 37.68078874126255,55.96987376645965 37.68047224059877,55.970592771876 37.68178115859802,55.97058374678642 37.681995735319205,55.970803356699754 37.682129845769914,55.97146819549878 37.681411013753916,55.97167877553752 37.68053661361508,55.97172089140716 37.67995189204982,55.97196756914753 37.67750035301021,55.972145055806344 37.67691026702682,55.97233758274426 37.67365942970076,55.97276474855355 37.671030864866175,55.97298133785191 37.669407194047416,55.97332873127776 37.66746527472064,55.973322714978885 37.66515857496781,55.972697014764755 37.66442901411576,55.971969023840735 37.66096360006853,55.97176446192512 37.660276954560715,55.970531050925814 37.654848163514586,55.964610128432994 37.6436579875044,55.965428521484775 37.63687736311476,55.96394818013197 37.63915366348591,55.958741729746755 37.625163261264234,55.95351725145089 37.625935737460516,55.94292166561368 37.63383216080036,55.9372373789857 37.62868231949176,55.934154025665045 37.61494940933553,55.944559355449826 37.598984901278875,55.93877896322196 37.575295631259344,55.92239648019499 37.56825751480428,55.9353103120378 37.57237738785115,55.93800817880163 37.5715190809664,55.94311433861 37.566369239657796,55.94330701065027 37.56654090103474,55.9496646480005 37.58267707046835,55.947641877085324 37.583320800631924,55.95281899561778 37.60361975845661,55.959006546169654 37.60216063675251,55.96764819347679 37.59186095413531,55.96995872344427 37.57922238525711,55.966914089808974 37.574136916964875,55.966697466393676 37.57218426880205,55.96448302385124 37.56699051308605,55.96575083539248 37.55619730401012,55.96465563812906 37.546322023532454,55.97148139618971 37.54318920340306,55.97220337985454 37.53434864248996,55.97648687130072 37.540232650882,55.98253257934389 37.54894446576234,55.987392280304284 37.54745315754998,55.992774525208006 37.534363977557305,55.99395911942747 37.530880889424814,55.98784160180764 37.528423985967095,55.98330675486216 37.525881251820984,55.98047972328315 37.52514573364997,55.980609686436544 37.52335401802798,55.980997662377774 37.522879267032366,55.981129994365254 37.52251985102432,55.981179618736775 37.52210679083603,55.98111345288513 37.52050282984512,55.981200671477374 37.519910061652794,55.98118864132444 37.519947612579,55.98158713769973 37.518834495837766,55.9819525477258 37.518115663821796,55.98223825687029 37.5184053423954,55.98237659947413 37.51848849087486,55.98272696494246 37.518273914153674,55.98293898713661 37.5185314062191,55.983378064848026 37.51925023823509,55.983360020650615 37.519427264030035,55.9837524798875 37.51914294987436,55.983961489097 37.5188371780466,55.984429124323135 37.51815857916583,55.98463963348646 37.51639905005202,55.983535951072255 37.5142801049302,55.98234802865351 37.513185763652125,55.98189089431838 37.51167299776774,55.98024877491193 37.51114728480082,55.97955701865772 37.51164081125956,55.978546430684545 37.50266077547764,55.977301205460265 37.50579359560702,55.970996258936495 37.51639368563387,55.97316219661486 37.52377512484285,55.971405389826394 37.52128603487702,55.966327045781114 37.49442102938383,55.96021289063518 37.485322976405314,55.9573239759916 37.4806022885391,55.951208392442105 37.48038771181787,55.95090138382429 37.47795226603233,55.95119635292201 37.47303845911705,55.95195483451878 37.47223379641255,55.95044989612143 37.467491650874216,55.95100372027799 37.46641876726823,55.9472592324611 37.46313574343399,55.94706959035899 37.46147813826276,55.947081631148166 37.45900514155101,55.9473374971615 37.45737435846992,55.946723415855125 37.45621564417551,55.94653076088305 37.453903580004656,55.944414503064024 37.44537279963644,55.94443970343564 37.43893549800069,55.945384958904214 37.42847488284255,55.95211547136302 37.428110102416525,55.9515496237794 37.42654369235185,55.95126067712934 37.424902180434735,55.95187468615927 37.42377565264847,55.95172419465142 37.422874430419455,55.95133291398185 37.42203758120683,55.95133291398185 37.42128656268265,55.951615840395505 37.42034242510942,55.95155564345872 37.419548491241,55.9517121552989 37.42031023860123,55.95238635288551 37.41935537219192,55.95324112216172 37.416769722701574,55.95335549125463 37.416717991742324,55.95400915452298 37.41608499041483,55.95436429248957 37.41434691897318,55.95455690832338 37.39742754450719,55.9504636147581 37.39786742678563,55.9492716622954 37.39792107096592,55.948543228755135 37.39848969927697,55.94767631468254 37.39722369662193,55.94759805065026 37.39379046908287,55.947152544658685 37.390400156888056,55.946604685655416 37.38676308146387,55.94857332954144 37.385239586743324,55.94783886252366 37.383179650219866,55.9447924811778 37.380454525860756,55.94626151724706 37.376549229535065,55.94603273662021 37.37489698878189,55.946165188727505 37.36989735117814,55.94834456261072 37.369682774456926,55.94924758198986 37.36322401514905,55.95358178065744 37.36163614741219,55.955893154055346 37.353396401318435,55.95899884384069 37.34644411555182,55.95506252018446 37.34620808115853,55.95340119875418 37.35352514735114,55.94830844135626 37.355220303448526,55.94692376924645 37.35355733385927,55.94620131187883 37.350445971402,55.94459379569571 37.34780667773136,55.94328124215915 37.346024278961615,55.94430828809167 37.340295080505804,55.94123754259698 37.33937240060468,55.940213906432454</coordinates></LineString></Placemark></Folder></Document></kml>